img_name,id
1596561232_35-p-dratsena-40.jpg,0
gray_1596561232_35-p-dratsena-40.jpg,0
conv_1596561232_35-p-dratsena-40.jpg,0
gray_conv_1596561232_35-p-dratsena-40.jpg,0
rot90_1596561232_35-p-dratsena-40.jpg,0
gray_rot90_1596561232_35-p-dratsena-40.jpg,0
rot180_1596561232_35-p-dratsena-40.jpg,0
gray_rot180_1596561232_35-p-dratsena-40.jpg,0
width_1596561232_35-p-dratsena-40.jpg,0
width_gray_1596561232_35-p-dratsena-40.jpg,0
wid_rot90_1596561232_35-p-dratsena-40.jpg,0
height_1596561232_35-p-dratsena-40.jpg,0
height_gray_1596561232_35-p-dratsena-40.jpg,0
1596561247_29-p-dratsena-31.jpg,0
gray_1596561247_29-p-dratsena-31.jpg,0
conv_1596561247_29-p-dratsena-31.jpg,0
gray_conv_1596561247_29-p-dratsena-31.jpg,0
rot90_1596561247_29-p-dratsena-31.jpg,0
gray_rot90_1596561247_29-p-dratsena-31.jpg,0
rot180_1596561247_29-p-dratsena-31.jpg,0
gray_rot180_1596561247_29-p-dratsena-31.jpg,0
width_1596561247_29-p-dratsena-31.jpg,0
width_gray_1596561247_29-p-dratsena-31.jpg,0
wid_rot90_1596561247_29-p-dratsena-31.jpg,0
height_1596561247_29-p-dratsena-31.jpg,0
height_gray_1596561247_29-p-dratsena-31.jpg,0
582 037.jpg,0
gray_582 037.jpg,0
conv_582 037.jpg,0
gray_conv_582 037.jpg,0
rot90_582 037.jpg,0
gray_rot90_582 037.jpg,0
rot180_582 037.jpg,0
gray_rot180_582 037.jpg,0
width_582 037.jpg,0
width_gray_582 037.jpg,0
wid_rot90_582 037.jpg,0
height_582 037.jpg,0
height_gray_582 037.jpg,0
75c3c4d3ffabf02a46366de8d243a035.jpg,0
gray_75c3c4d3ffabf02a46366de8d243a035.jpg,0
conv_75c3c4d3ffabf02a46366de8d243a035.jpg,0
gray_conv_75c3c4d3ffabf02a46366de8d243a035.jpg,0
rot90_75c3c4d3ffabf02a46366de8d243a035.jpg,0
gray_rot90_75c3c4d3ffabf02a46366de8d243a035.jpg,0
rot180_75c3c4d3ffabf02a46366de8d243a035.jpg,0
gray_rot180_75c3c4d3ffabf02a46366de8d243a035.jpg,0
width_75c3c4d3ffabf02a46366de8d243a035.jpg,0
width_gray_75c3c4d3ffabf02a46366de8d243a035.jpg,0
wid_rot90_75c3c4d3ffabf02a46366de8d243a035.jpg,0
height_75c3c4d3ffabf02a46366de8d243a035.jpg,0
height_gray_75c3c4d3ffabf02a46366de8d243a035.jpg,0
draczena-51.jpg,0
gray_draczena-51.jpg,0
conv_draczena-51.jpg,0
gray_conv_draczena-51.jpg,0
rot90_draczena-51.jpg,0
gray_rot90_draczena-51.jpg,0
rot180_draczena-51.jpg,0
gray_rot180_draczena-51.jpg,0
width_draczena-51.jpg,0
width_gray_draczena-51.jpg,0
wid_rot90_draczena-51.jpg,0
height_draczena-51.jpg,0
height_gray_draczena-51.jpg,0
14-1578.jpg,1
gray_14-1578.jpg,1
conv_14-1578.jpg,1
gray_conv_14-1578.jpg,1
rot90_14-1578.jpg,1
gray_rot90_14-1578.jpg,1
rot180_14-1578.jpg,1
gray_rot180_14-1578.jpg,1
width_14-1578.jpg,1
width_gray_14-1578.jpg,1
wid_rot90_14-1578.jpg,1
height_14-1578.jpg,1
height_gray_14-1578.jpg,1
1650513367_55-vsegda-pomnim-com-p-kak-tsvetet-palma-khoveya-foto-63.jpg,1
gray_1650513367_55-vsegda-pomnim-com-p-kak-tsvetet-palma-khoveya-foto-63.jpg,1
conv_1650513367_55-vsegda-pomnim-com-p-kak-tsvetet-palma-khoveya-foto-63.jpg,1
gray_conv_1650513367_55-vsegda-pomnim-com-p-kak-tsvetet-palma-khoveya-foto-63.jpg,1
rot90_1650513367_55-vsegda-pomnim-com-p-kak-tsvetet-palma-khoveya-foto-63.jpg,1
gray_rot90_1650513367_55-vsegda-pomnim-com-p-kak-tsvetet-palma-khoveya-foto-63.jpg,1
rot180_1650513367_55-vsegda-pomnim-com-p-kak-tsvetet-palma-khoveya-foto-63.jpg,1
gray_rot180_1650513367_55-vsegda-pomnim-com-p-kak-tsvetet-palma-khoveya-foto-63.jpg,1
width_1650513367_55-vsegda-pomnim-com-p-kak-tsvetet-palma-khoveya-foto-63.jpg,1
width_gray_1650513367_55-vsegda-pomnim-com-p-kak-tsvetet-palma-khoveya-foto-63.jpg,1
wid_rot90_1650513367_55-vsegda-pomnim-com-p-kak-tsvetet-palma-khoveya-foto-63.jpg,1
height_1650513367_55-vsegda-pomnim-com-p-kak-tsvetet-palma-khoveya-foto-63.jpg,1
height_gray_1650513367_55-vsegda-pomnim-com-p-kak-tsvetet-palma-khoveya-foto-63.jpg,1
1650514776_64-vsegda-pomnim-com-p-kak-tsvetet-khoveya-foto-72.jpg,1
gray_1650514776_64-vsegda-pomnim-com-p-kak-tsvetet-khoveya-foto-72.jpg,1
conv_1650514776_64-vsegda-pomnim-com-p-kak-tsvetet-khoveya-foto-72.jpg,1
gray_conv_1650514776_64-vsegda-pomnim-com-p-kak-tsvetet-khoveya-foto-72.jpg,1
rot90_1650514776_64-vsegda-pomnim-com-p-kak-tsvetet-khoveya-foto-72.jpg,1
gray_rot90_1650514776_64-vsegda-pomnim-com-p-kak-tsvetet-khoveya-foto-72.jpg,1
rot180_1650514776_64-vsegda-pomnim-com-p-kak-tsvetet-khoveya-foto-72.jpg,1
gray_rot180_1650514776_64-vsegda-pomnim-com-p-kak-tsvetet-khoveya-foto-72.jpg,1
width_1650514776_64-vsegda-pomnim-com-p-kak-tsvetet-khoveya-foto-72.jpg,1
width_gray_1650514776_64-vsegda-pomnim-com-p-kak-tsvetet-khoveya-foto-72.jpg,1
wid_rot90_1650514776_64-vsegda-pomnim-com-p-kak-tsvetet-khoveya-foto-72.jpg,1
height_1650514776_64-vsegda-pomnim-com-p-kak-tsvetet-khoveya-foto-72.jpg,1
height_gray_1650514776_64-vsegda-pomnim-com-p-kak-tsvetet-khoveya-foto-72.jpg,1
20170804_020203790_iOS.jpg,1
gray_20170804_020203790_iOS.jpg,1
conv_20170804_020203790_iOS.jpg,1
gray_conv_20170804_020203790_iOS.jpg,1
rot90_20170804_020203790_iOS.jpg,1
gray_rot90_20170804_020203790_iOS.jpg,1
rot180_20170804_020203790_iOS.jpg,1
gray_rot180_20170804_020203790_iOS.jpg,1
width_20170804_020203790_iOS.jpg,1
width_gray_20170804_020203790_iOS.jpg,1
wid_rot90_20170804_020203790_iOS.jpg,1
height_20170804_020203790_iOS.jpg,1
height_gray_20170804_020203790_iOS.jpg,1
dscf9793-1.jpg,1
gray_dscf9793-1.jpg,1
conv_dscf9793-1.jpg,1
gray_conv_dscf9793-1.jpg,1
rot90_dscf9793-1.jpg,1
gray_rot90_dscf9793-1.jpg,1
rot180_dscf9793-1.jpg,1
gray_rot180_dscf9793-1.jpg,1
width_dscf9793-1.jpg,1
width_gray_dscf9793-1.jpg,1
wid_rot90_dscf9793-1.jpg,1
height_dscf9793-1.jpg,1
height_gray_dscf9793-1.jpg,1
hoveya-63.jpg,1
gray_hoveya-63.jpg,1
conv_hoveya-63.jpg,1
gray_conv_hoveya-63.jpg,1
rot90_hoveya-63.jpg,1
gray_rot90_hoveya-63.jpg,1
rot180_hoveya-63.jpg,1
gray_rot180_hoveya-63.jpg,1
width_hoveya-63.jpg,1
width_gray_hoveya-63.jpg,1
wid_rot90_hoveya-63.jpg,1
height_hoveya-63.jpg,1
height_gray_hoveya-63.jpg,1
1571109.jpg,2
gray_1571109.jpg,2
conv_1571109.jpg,2
gray_conv_1571109.jpg,2
rot90_1571109.jpg,2
gray_rot90_1571109.jpg,2
rot180_1571109.jpg,2
gray_rot180_1571109.jpg,2
width_1571109.jpg,2
width_gray_1571109.jpg,2
wid_rot90_1571109.jpg,2
height_1571109.jpg,2
height_gray_1571109.jpg,2
1633466875_34-p-orkhideya-tsvetov-v-gorshke-doma-foto-34.jpg,2
gray_1633466875_34-p-orkhideya-tsvetov-v-gorshke-doma-foto-34.jpg,2
conv_1633466875_34-p-orkhideya-tsvetov-v-gorshke-doma-foto-34.jpg,2
gray_conv_1633466875_34-p-orkhideya-tsvetov-v-gorshke-doma-foto-34.jpg,2
rot90_1633466875_34-p-orkhideya-tsvetov-v-gorshke-doma-foto-34.jpg,2
gray_rot90_1633466875_34-p-orkhideya-tsvetov-v-gorshke-doma-foto-34.jpg,2
rot180_1633466875_34-p-orkhideya-tsvetov-v-gorshke-doma-foto-34.jpg,2
gray_rot180_1633466875_34-p-orkhideya-tsvetov-v-gorshke-doma-foto-34.jpg,2
width_1633466875_34-p-orkhideya-tsvetov-v-gorshke-doma-foto-34.jpg,2
width_gray_1633466875_34-p-orkhideya-tsvetov-v-gorshke-doma-foto-34.jpg,2
wid_rot90_1633466875_34-p-orkhideya-tsvetov-v-gorshke-doma-foto-34.jpg,2
height_1633466875_34-p-orkhideya-tsvetov-v-gorshke-doma-foto-34.jpg,2
height_gray_1633466875_34-p-orkhideya-tsvetov-v-gorshke-doma-foto-34.jpg,2
1672888236_pro-dachnikov-com-p-orkhidei-na-okne-foto-25.jpg,2
gray_1672888236_pro-dachnikov-com-p-orkhidei-na-okne-foto-25.jpg,2
conv_1672888236_pro-dachnikov-com-p-orkhidei-na-okne-foto-25.jpg,2
gray_conv_1672888236_pro-dachnikov-com-p-orkhidei-na-okne-foto-25.jpg,2
rot90_1672888236_pro-dachnikov-com-p-orkhidei-na-okne-foto-25.jpg,2
gray_rot90_1672888236_pro-dachnikov-com-p-orkhidei-na-okne-foto-25.jpg,2
rot180_1672888236_pro-dachnikov-com-p-orkhidei-na-okne-foto-25.jpg,2
gray_rot180_1672888236_pro-dachnikov-com-p-orkhidei-na-okne-foto-25.jpg,2
width_1672888236_pro-dachnikov-com-p-orkhidei-na-okne-foto-25.jpg,2
width_gray_1672888236_pro-dachnikov-com-p-orkhidei-na-okne-foto-25.jpg,2
wid_rot90_1672888236_pro-dachnikov-com-p-orkhidei-na-okne-foto-25.jpg,2
height_1672888236_pro-dachnikov-com-p-orkhidei-na-okne-foto-25.jpg,2
height_gray_1672888236_pro-dachnikov-com-p-orkhidei-na-okne-foto-25.jpg,2
217601-feae5-34108851-m750x740.jpg,2
gray_217601-feae5-34108851-m750x740.jpg,2
conv_217601-feae5-34108851-m750x740.jpg,2
gray_conv_217601-feae5-34108851-m750x740.jpg,2
rot90_217601-feae5-34108851-m750x740.jpg,2
gray_rot90_217601-feae5-34108851-m750x740.jpg,2
rot180_217601-feae5-34108851-m750x740.jpg,2
gray_rot180_217601-feae5-34108851-m750x740.jpg,2
width_217601-feae5-34108851-m750x740.jpg,2
width_gray_217601-feae5-34108851-m750x740.jpg,2
wid_rot90_217601-feae5-34108851-m750x740.jpg,2
height_217601-feae5-34108851-m750x740.jpg,2
height_gray_217601-feae5-34108851-m750x740.jpg,2
33000_533x800_7b812fdb7dc841b1dce821a4366cf4f1.jpg,2
gray_33000_533x800_7b812fdb7dc841b1dce821a4366cf4f1.jpg,2
conv_33000_533x800_7b812fdb7dc841b1dce821a4366cf4f1.jpg,2
gray_conv_33000_533x800_7b812fdb7dc841b1dce821a4366cf4f1.jpg,2
rot90_33000_533x800_7b812fdb7dc841b1dce821a4366cf4f1.jpg,2
gray_rot90_33000_533x800_7b812fdb7dc841b1dce821a4366cf4f1.jpg,2
rot180_33000_533x800_7b812fdb7dc841b1dce821a4366cf4f1.jpg,2
gray_rot180_33000_533x800_7b812fdb7dc841b1dce821a4366cf4f1.jpg,2
width_33000_533x800_7b812fdb7dc841b1dce821a4366cf4f1.jpg,2
width_gray_33000_533x800_7b812fdb7dc841b1dce821a4366cf4f1.jpg,2
wid_rot90_33000_533x800_7b812fdb7dc841b1dce821a4366cf4f1.jpg,2
height_33000_533x800_7b812fdb7dc841b1dce821a4366cf4f1.jpg,2
height_gray_33000_533x800_7b812fdb7dc841b1dce821a4366cf4f1.jpg,2
Listya-orhidei-39.jpg,2
gray_Listya-orhidei-39.jpg,2
conv_Listya-orhidei-39.jpg,2
gray_conv_Listya-orhidei-39.jpg,2
rot90_Listya-orhidei-39.jpg,2
gray_rot90_Listya-orhidei-39.jpg,2
rot180_Listya-orhidei-39.jpg,2
gray_rot180_Listya-orhidei-39.jpg,2
width_Listya-orhidei-39.jpg,2
width_gray_Listya-orhidei-39.jpg,2
wid_rot90_Listya-orhidei-39.jpg,2
height_Listya-orhidei-39.jpg,2
height_gray_Listya-orhidei-39.jpg,2
1637875780_124-pro-dachnikov-com-p-sansevieriya-foto-133.jpg,3
gray_1637875780_124-pro-dachnikov-com-p-sansevieriya-foto-133.jpg,3
conv_1637875780_124-pro-dachnikov-com-p-sansevieriya-foto-133.jpg,3
gray_conv_1637875780_124-pro-dachnikov-com-p-sansevieriya-foto-133.jpg,3
rot90_1637875780_124-pro-dachnikov-com-p-sansevieriya-foto-133.jpg,3
gray_rot90_1637875780_124-pro-dachnikov-com-p-sansevieriya-foto-133.jpg,3
rot180_1637875780_124-pro-dachnikov-com-p-sansevieriya-foto-133.jpg,3
gray_rot180_1637875780_124-pro-dachnikov-com-p-sansevieriya-foto-133.jpg,3
width_1637875780_124-pro-dachnikov-com-p-sansevieriya-foto-133.jpg,3
width_gray_1637875780_124-pro-dachnikov-com-p-sansevieriya-foto-133.jpg,3
wid_rot90_1637875780_124-pro-dachnikov-com-p-sansevieriya-foto-133.jpg,3
height_1637875780_124-pro-dachnikov-com-p-sansevieriya-foto-133.jpg,3
height_gray_1637875780_124-pro-dachnikov-com-p-sansevieriya-foto-133.jpg,3
1638095210_13-pro-dachnikov-com-p-sansevieriya-tryokhpolosnaya-foto-13.jpg,3
gray_1638095210_13-pro-dachnikov-com-p-sansevieriya-tryokhpolosnaya-foto-13.jpg,3
conv_1638095210_13-pro-dachnikov-com-p-sansevieriya-tryokhpolosnaya-foto-13.jpg,3
gray_conv_1638095210_13-pro-dachnikov-com-p-sansevieriya-tryokhpolosnaya-foto-13.jpg,3
rot90_1638095210_13-pro-dachnikov-com-p-sansevieriya-tryokhpolosnaya-foto-13.jpg,3
gray_rot90_1638095210_13-pro-dachnikov-com-p-sansevieriya-tryokhpolosnaya-foto-13.jpg,3
rot180_1638095210_13-pro-dachnikov-com-p-sansevieriya-tryokhpolosnaya-foto-13.jpg,3
gray_rot180_1638095210_13-pro-dachnikov-com-p-sansevieriya-tryokhpolosnaya-foto-13.jpg,3
width_1638095210_13-pro-dachnikov-com-p-sansevieriya-tryokhpolosnaya-foto-13.jpg,3
width_gray_1638095210_13-pro-dachnikov-com-p-sansevieriya-tryokhpolosnaya-foto-13.jpg,3
wid_rot90_1638095210_13-pro-dachnikov-com-p-sansevieriya-tryokhpolosnaya-foto-13.jpg,3
height_1638095210_13-pro-dachnikov-com-p-sansevieriya-tryokhpolosnaya-foto-13.jpg,3
height_gray_1638095210_13-pro-dachnikov-com-p-sansevieriya-tryokhpolosnaya-foto-13.jpg,3
1660204255_74-mykaleidoscope-ru-p-sansevieriya-khanni-v-interere-dizain-kras-76.jpg,3
gray_1660204255_74-mykaleidoscope-ru-p-sansevieriya-khanni-v-interere-dizain-kras-76.jpg,3
conv_1660204255_74-mykaleidoscope-ru-p-sansevieriya-khanni-v-interere-dizain-kras-76.jpg,3
gray_conv_1660204255_74-mykaleidoscope-ru-p-sansevieriya-khanni-v-interere-dizain-kras-76.jpg,3
rot90_1660204255_74-mykaleidoscope-ru-p-sansevieriya-khanni-v-interere-dizain-kras-76.jpg,3
gray_rot90_1660204255_74-mykaleidoscope-ru-p-sansevieriya-khanni-v-interere-dizain-kras-76.jpg,3
rot180_1660204255_74-mykaleidoscope-ru-p-sansevieriya-khanni-v-interere-dizain-kras-76.jpg,3
gray_rot180_1660204255_74-mykaleidoscope-ru-p-sansevieriya-khanni-v-interere-dizain-kras-76.jpg,3
width_1660204255_74-mykaleidoscope-ru-p-sansevieriya-khanni-v-interere-dizain-kras-76.jpg,3
width_gray_1660204255_74-mykaleidoscope-ru-p-sansevieriya-khanni-v-interere-dizain-kras-76.jpg,3
wid_rot90_1660204255_74-mykaleidoscope-ru-p-sansevieriya-khanni-v-interere-dizain-kras-76.jpg,3
height_1660204255_74-mykaleidoscope-ru-p-sansevieriya-khanni-v-interere-dizain-kras-76.jpg,3
height_gray_1660204255_74-mykaleidoscope-ru-p-sansevieriya-khanni-v-interere-dizain-kras-76.jpg,3
sansevieriya-8.jpg,3
gray_sansevieriya-8.jpg,3
conv_sansevieriya-8.jpg,3
gray_conv_sansevieriya-8.jpg,3
rot90_sansevieriya-8.jpg,3
gray_rot90_sansevieriya-8.jpg,3
rot180_sansevieriya-8.jpg,3
gray_rot180_sansevieriya-8.jpg,3
width_sansevieriya-8.jpg,3
width_gray_sansevieriya-8.jpg,3
wid_rot90_sansevieriya-8.jpg,3
height_sansevieriya-8.jpg,3
height_gray_sansevieriya-8.jpg,3
sansevieriya-isklyuchitelno-vyinoslivoe-rastenie-dlya-ukrasheniya-interera-01.jpg,3
gray_sansevieriya-isklyuchitelno-vyinoslivoe-rastenie-dlya-ukrasheniya-interera-01.jpg,3
conv_sansevieriya-isklyuchitelno-vyinoslivoe-rastenie-dlya-ukrasheniya-interera-01.jpg,3
gray_conv_sansevieriya-isklyuchitelno-vyinoslivoe-rastenie-dlya-ukrasheniya-interera-01.jpg,3
rot90_sansevieriya-isklyuchitelno-vyinoslivoe-rastenie-dlya-ukrasheniya-interera-01.jpg,3
gray_rot90_sansevieriya-isklyuchitelno-vyinoslivoe-rastenie-dlya-ukrasheniya-interera-01.jpg,3
rot180_sansevieriya-isklyuchitelno-vyinoslivoe-rastenie-dlya-ukrasheniya-interera-01.jpg,3
gray_rot180_sansevieriya-isklyuchitelno-vyinoslivoe-rastenie-dlya-ukrasheniya-interera-01.jpg,3
width_sansevieriya-isklyuchitelno-vyinoslivoe-rastenie-dlya-ukrasheniya-interera-01.jpg,3
width_gray_sansevieriya-isklyuchitelno-vyinoslivoe-rastenie-dlya-ukrasheniya-interera-01.jpg,3
wid_rot90_sansevieriya-isklyuchitelno-vyinoslivoe-rastenie-dlya-ukrasheniya-interera-01.jpg,3
height_sansevieriya-isklyuchitelno-vyinoslivoe-rastenie-dlya-ukrasheniya-interera-01.jpg,3
height_gray_sansevieriya-isklyuchitelno-vyinoslivoe-rastenie-dlya-ukrasheniya-interera-01.jpg,3
0UR9OI3Y7MQM.jpg,4
gray_0UR9OI3Y7MQM.jpg,4
conv_0UR9OI3Y7MQM.jpg,4
gray_conv_0UR9OI3Y7MQM.jpg,4
rot90_0UR9OI3Y7MQM.jpg,4
gray_rot90_0UR9OI3Y7MQM.jpg,4
rot180_0UR9OI3Y7MQM.jpg,4
gray_rot180_0UR9OI3Y7MQM.jpg,4
width_0UR9OI3Y7MQM.jpg,4
width_gray_0UR9OI3Y7MQM.jpg,4
wid_rot90_0UR9OI3Y7MQM.jpg,4
height_0UR9OI3Y7MQM.jpg,4
height_gray_0UR9OI3Y7MQM.jpg,4
4039419f695c6e9ea93dcc62fdec419a.jpeg,4
gray_4039419f695c6e9ea93dcc62fdec419a.jpeg,4
conv_4039419f695c6e9ea93dcc62fdec419a.jpeg,4
gray_conv_4039419f695c6e9ea93dcc62fdec419a.jpeg,4
rot90_4039419f695c6e9ea93dcc62fdec419a.jpeg,4
gray_rot90_4039419f695c6e9ea93dcc62fdec419a.jpeg,4
rot180_4039419f695c6e9ea93dcc62fdec419a.jpeg,4
gray_rot180_4039419f695c6e9ea93dcc62fdec419a.jpeg,4
width_4039419f695c6e9ea93dcc62fdec419a.jpeg,4
width_gray_4039419f695c6e9ea93dcc62fdec419a.jpeg,4
wid_rot90_4039419f695c6e9ea93dcc62fdec419a.jpeg,4
height_4039419f695c6e9ea93dcc62fdec419a.jpeg,4
height_gray_4039419f695c6e9ea93dcc62fdec419a.jpeg,4
4ZXQCP4DBPD4.jpg,4
gray_4ZXQCP4DBPD4.jpg,4
conv_4ZXQCP4DBPD4.jpg,4
gray_conv_4ZXQCP4DBPD4.jpg,4
rot90_4ZXQCP4DBPD4.jpg,4
gray_rot90_4ZXQCP4DBPD4.jpg,4
rot180_4ZXQCP4DBPD4.jpg,4
gray_rot180_4ZXQCP4DBPD4.jpg,4
width_4ZXQCP4DBPD4.jpg,4
width_gray_4ZXQCP4DBPD4.jpg,4
wid_rot90_4ZXQCP4DBPD4.jpg,4
height_4ZXQCP4DBPD4.jpg,4
height_gray_4ZXQCP4DBPD4.jpg,4
aff2d7196efdb565b71bcffdd25dfcab.jpeg,4
gray_aff2d7196efdb565b71bcffdd25dfcab.jpeg,4
conv_aff2d7196efdb565b71bcffdd25dfcab.jpeg,4
gray_conv_aff2d7196efdb565b71bcffdd25dfcab.jpeg,4
rot90_aff2d7196efdb565b71bcffdd25dfcab.jpeg,4
gray_rot90_aff2d7196efdb565b71bcffdd25dfcab.jpeg,4
rot180_aff2d7196efdb565b71bcffdd25dfcab.jpeg,4
gray_rot180_aff2d7196efdb565b71bcffdd25dfcab.jpeg,4
width_aff2d7196efdb565b71bcffdd25dfcab.jpeg,4
width_gray_aff2d7196efdb565b71bcffdd25dfcab.jpeg,4
wid_rot90_aff2d7196efdb565b71bcffdd25dfcab.jpeg,4
height_aff2d7196efdb565b71bcffdd25dfcab.jpeg,4
height_gray_aff2d7196efdb565b71bcffdd25dfcab.jpeg,4
https-klumba-guru-wp-content-uploads-spathiphyll-1024x757.jpeg,4
gray_https-klumba-guru-wp-content-uploads-spathiphyll-1024x757.jpeg,4
conv_https-klumba-guru-wp-content-uploads-spathiphyll-1024x757.jpeg,4
gray_conv_https-klumba-guru-wp-content-uploads-spathiphyll-1024x757.jpeg,4
rot90_https-klumba-guru-wp-content-uploads-spathiphyll-1024x757.jpeg,4
gray_rot90_https-klumba-guru-wp-content-uploads-spathiphyll-1024x757.jpeg,4
rot180_https-klumba-guru-wp-content-uploads-spathiphyll-1024x757.jpeg,4
gray_rot180_https-klumba-guru-wp-content-uploads-spathiphyll-1024x757.jpeg,4
width_https-klumba-guru-wp-content-uploads-spathiphyll-1024x757.jpeg,4
width_gray_https-klumba-guru-wp-content-uploads-spathiphyll-1024x757.jpeg,4
wid_rot90_https-klumba-guru-wp-content-uploads-spathiphyll-1024x757.jpeg,4
height_https-klumba-guru-wp-content-uploads-spathiphyll-1024x757.jpeg,4
height_gray_https-klumba-guru-wp-content-uploads-spathiphyll-1024x757.jpeg,4
spatifillum-mauna-loa.jpg,4
gray_spatifillum-mauna-loa.jpg,4
conv_spatifillum-mauna-loa.jpg,4
gray_conv_spatifillum-mauna-loa.jpg,4
rot90_spatifillum-mauna-loa.jpg,4
gray_rot90_spatifillum-mauna-loa.jpg,4
rot180_spatifillum-mauna-loa.jpg,4
gray_rot180_spatifillum-mauna-loa.jpg,4
width_spatifillum-mauna-loa.jpg,4
width_gray_spatifillum-mauna-loa.jpg,4
wid_rot90_spatifillum-mauna-loa.jpg,4
height_spatifillum-mauna-loa.jpg,4
height_gray_spatifillum-mauna-loa.jpg,4
1.jpg,5
gray_1.jpg,5
conv_1.jpg,5
gray_conv_1.jpg,5
rot90_1.jpg,5
gray_rot90_1.jpg,5
rot180_1.jpg,5
gray_rot180_1.jpg,5
width_1.jpg,5
width_gray_1.jpg,5
wid_rot90_1.jpg,5
height_1.jpg,5
height_gray_1.jpg,5
1700610941_binomen-ru-p-zamiokulkas-short-liv-instagram-19 (1).jpg,5
gray_1700610941_binomen-ru-p-zamiokulkas-short-liv-instagram-19 (1).jpg,5
conv_1700610941_binomen-ru-p-zamiokulkas-short-liv-instagram-19 (1).jpg,5
gray_conv_1700610941_binomen-ru-p-zamiokulkas-short-liv-instagram-19 (1).jpg,5
rot90_1700610941_binomen-ru-p-zamiokulkas-short-liv-instagram-19 (1).jpg,5
gray_rot90_1700610941_binomen-ru-p-zamiokulkas-short-liv-instagram-19 (1).jpg,5
rot180_1700610941_binomen-ru-p-zamiokulkas-short-liv-instagram-19 (1).jpg,5
gray_rot180_1700610941_binomen-ru-p-zamiokulkas-short-liv-instagram-19 (1).jpg,5
width_1700610941_binomen-ru-p-zamiokulkas-short-liv-instagram-19 (1).jpg,5
width_gray_1700610941_binomen-ru-p-zamiokulkas-short-liv-instagram-19 (1).jpg,5
wid_rot90_1700610941_binomen-ru-p-zamiokulkas-short-liv-instagram-19 (1).jpg,5
height_1700610941_binomen-ru-p-zamiokulkas-short-liv-instagram-19 (1).jpg,5
height_gray_1700610941_binomen-ru-p-zamiokulkas-short-liv-instagram-19 (1).jpg,5
1704720613_vsegda-pomnim-com-p-zamiokulkas-tsvetenie-foto-51.jpg,5
gray_1704720613_vsegda-pomnim-com-p-zamiokulkas-tsvetenie-foto-51.jpg,5
conv_1704720613_vsegda-pomnim-com-p-zamiokulkas-tsvetenie-foto-51.jpg,5
gray_conv_1704720613_vsegda-pomnim-com-p-zamiokulkas-tsvetenie-foto-51.jpg,5
rot90_1704720613_vsegda-pomnim-com-p-zamiokulkas-tsvetenie-foto-51.jpg,5
gray_rot90_1704720613_vsegda-pomnim-com-p-zamiokulkas-tsvetenie-foto-51.jpg,5
rot180_1704720613_vsegda-pomnim-com-p-zamiokulkas-tsvetenie-foto-51.jpg,5
gray_rot180_1704720613_vsegda-pomnim-com-p-zamiokulkas-tsvetenie-foto-51.jpg,5
width_1704720613_vsegda-pomnim-com-p-zamiokulkas-tsvetenie-foto-51.jpg,5
width_gray_1704720613_vsegda-pomnim-com-p-zamiokulkas-tsvetenie-foto-51.jpg,5
wid_rot90_1704720613_vsegda-pomnim-com-p-zamiokulkas-tsvetenie-foto-51.jpg,5
height_1704720613_vsegda-pomnim-com-p-zamiokulkas-tsvetenie-foto-51.jpg,5
height_gray_1704720613_vsegda-pomnim-com-p-zamiokulkas-tsvetenie-foto-51.jpg,5
6452e613b2216a213f0ce0592b811adf.jpg,5
gray_6452e613b2216a213f0ce0592b811adf.jpg,5
conv_6452e613b2216a213f0ce0592b811adf.jpg,5
gray_conv_6452e613b2216a213f0ce0592b811adf.jpg,5
rot90_6452e613b2216a213f0ce0592b811adf.jpg,5
gray_rot90_6452e613b2216a213f0ce0592b811adf.jpg,5
rot180_6452e613b2216a213f0ce0592b811adf.jpg,5
gray_rot180_6452e613b2216a213f0ce0592b811adf.jpg,5
width_6452e613b2216a213f0ce0592b811adf.jpg,5
width_gray_6452e613b2216a213f0ce0592b811adf.jpg,5
wid_rot90_6452e613b2216a213f0ce0592b811adf.jpg,5
height_6452e613b2216a213f0ce0592b811adf.jpg,5
height_gray_6452e613b2216a213f0ce0592b811adf.jpg,5
b3c622431129fd50bc9369a301fa5831.jpg,5
gray_b3c622431129fd50bc9369a301fa5831.jpg,5
conv_b3c622431129fd50bc9369a301fa5831.jpg,5
gray_conv_b3c622431129fd50bc9369a301fa5831.jpg,5
rot90_b3c622431129fd50bc9369a301fa5831.jpg,5
gray_rot90_b3c622431129fd50bc9369a301fa5831.jpg,5
rot180_b3c622431129fd50bc9369a301fa5831.jpg,5
gray_rot180_b3c622431129fd50bc9369a301fa5831.jpg,5
width_b3c622431129fd50bc9369a301fa5831.jpg,5
width_gray_b3c622431129fd50bc9369a301fa5831.jpg,5
wid_rot90_b3c622431129fd50bc9369a301fa5831.jpg,5
height_b3c622431129fd50bc9369a301fa5831.jpg,5
height_gray_b3c622431129fd50bc9369a301fa5831.jpg,5
1620963863_32-p-aglaonema-foto-37.jpg,6
gray_1620963863_32-p-aglaonema-foto-37.jpg,6
conv_1620963863_32-p-aglaonema-foto-37.jpg,6
gray_conv_1620963863_32-p-aglaonema-foto-37.jpg,6
rot90_1620963863_32-p-aglaonema-foto-37.jpg,6
gray_rot90_1620963863_32-p-aglaonema-foto-37.jpg,6
rot180_1620963863_32-p-aglaonema-foto-37.jpg,6
gray_rot180_1620963863_32-p-aglaonema-foto-37.jpg,6
width_1620963863_32-p-aglaonema-foto-37.jpg,6
width_gray_1620963863_32-p-aglaonema-foto-37.jpg,6
wid_rot90_1620963863_32-p-aglaonema-foto-37.jpg,6
height_1620963863_32-p-aglaonema-foto-37.jpg,6
height_gray_1620963863_32-p-aglaonema-foto-37.jpg,6
1637866082_131-pro-dachnikov-com-p-aglaonema-foto-144.jpg,6
gray_1637866082_131-pro-dachnikov-com-p-aglaonema-foto-144.jpg,6
conv_1637866082_131-pro-dachnikov-com-p-aglaonema-foto-144.jpg,6
gray_conv_1637866082_131-pro-dachnikov-com-p-aglaonema-foto-144.jpg,6
rot90_1637866082_131-pro-dachnikov-com-p-aglaonema-foto-144.jpg,6
gray_rot90_1637866082_131-pro-dachnikov-com-p-aglaonema-foto-144.jpg,6
rot180_1637866082_131-pro-dachnikov-com-p-aglaonema-foto-144.jpg,6
gray_rot180_1637866082_131-pro-dachnikov-com-p-aglaonema-foto-144.jpg,6
width_1637866082_131-pro-dachnikov-com-p-aglaonema-foto-144.jpg,6
width_gray_1637866082_131-pro-dachnikov-com-p-aglaonema-foto-144.jpg,6
wid_rot90_1637866082_131-pro-dachnikov-com-p-aglaonema-foto-144.jpg,6
height_1637866082_131-pro-dachnikov-com-p-aglaonema-foto-144.jpg,6
height_gray_1637866082_131-pro-dachnikov-com-p-aglaonema-foto-144.jpg,6
1675738372_balthazar-club-p-tsveti-aglaonema-vkontakte-85.jpg,6
gray_1675738372_balthazar-club-p-tsveti-aglaonema-vkontakte-85.jpg,6
conv_1675738372_balthazar-club-p-tsveti-aglaonema-vkontakte-85.jpg,6
gray_conv_1675738372_balthazar-club-p-tsveti-aglaonema-vkontakte-85.jpg,6
rot90_1675738372_balthazar-club-p-tsveti-aglaonema-vkontakte-85.jpg,6
gray_rot90_1675738372_balthazar-club-p-tsveti-aglaonema-vkontakte-85.jpg,6
rot180_1675738372_balthazar-club-p-tsveti-aglaonema-vkontakte-85.jpg,6
gray_rot180_1675738372_balthazar-club-p-tsveti-aglaonema-vkontakte-85.jpg,6
width_1675738372_balthazar-club-p-tsveti-aglaonema-vkontakte-85.jpg,6
width_gray_1675738372_balthazar-club-p-tsveti-aglaonema-vkontakte-85.jpg,6
wid_rot90_1675738372_balthazar-club-p-tsveti-aglaonema-vkontakte-85.jpg,6
height_1675738372_balthazar-club-p-tsveti-aglaonema-vkontakte-85.jpg,6
height_gray_1675738372_balthazar-club-p-tsveti-aglaonema-vkontakte-85.jpg,6
1686329924_klau-club-p-aglaonema-peremenchivaya-krasivo-48.jpg,6
gray_1686329924_klau-club-p-aglaonema-peremenchivaya-krasivo-48.jpg,6
conv_1686329924_klau-club-p-aglaonema-peremenchivaya-krasivo-48.jpg,6
gray_conv_1686329924_klau-club-p-aglaonema-peremenchivaya-krasivo-48.jpg,6
rot90_1686329924_klau-club-p-aglaonema-peremenchivaya-krasivo-48.jpg,6
gray_rot90_1686329924_klau-club-p-aglaonema-peremenchivaya-krasivo-48.jpg,6
rot180_1686329924_klau-club-p-aglaonema-peremenchivaya-krasivo-48.jpg,6
gray_rot180_1686329924_klau-club-p-aglaonema-peremenchivaya-krasivo-48.jpg,6
width_1686329924_klau-club-p-aglaonema-peremenchivaya-krasivo-48.jpg,6
width_gray_1686329924_klau-club-p-aglaonema-peremenchivaya-krasivo-48.jpg,6
wid_rot90_1686329924_klau-club-p-aglaonema-peremenchivaya-krasivo-48.jpg,6
height_1686329924_klau-club-p-aglaonema-peremenchivaya-krasivo-48.jpg,6
height_gray_1686329924_klau-club-p-aglaonema-peremenchivaya-krasivo-48.jpg,6
1d6fb154d59bb48072c3b3f4379f5e58-d5c851386dd9fddd9045113f22997d4a.jpg,6
gray_1d6fb154d59bb48072c3b3f4379f5e58-d5c851386dd9fddd9045113f22997d4a.jpg,6
conv_1d6fb154d59bb48072c3b3f4379f5e58-d5c851386dd9fddd9045113f22997d4a.jpg,6
gray_conv_1d6fb154d59bb48072c3b3f4379f5e58-d5c851386dd9fddd9045113f22997d4a.jpg,6
rot90_1d6fb154d59bb48072c3b3f4379f5e58-d5c851386dd9fddd9045113f22997d4a.jpg,6
gray_rot90_1d6fb154d59bb48072c3b3f4379f5e58-d5c851386dd9fddd9045113f22997d4a.jpg,6
rot180_1d6fb154d59bb48072c3b3f4379f5e58-d5c851386dd9fddd9045113f22997d4a.jpg,6
gray_rot180_1d6fb154d59bb48072c3b3f4379f5e58-d5c851386dd9fddd9045113f22997d4a.jpg,6
width_1d6fb154d59bb48072c3b3f4379f5e58-d5c851386dd9fddd9045113f22997d4a.jpg,6
width_gray_1d6fb154d59bb48072c3b3f4379f5e58-d5c851386dd9fddd9045113f22997d4a.jpg,6
wid_rot90_1d6fb154d59bb48072c3b3f4379f5e58-d5c851386dd9fddd9045113f22997d4a.jpg,6
height_1d6fb154d59bb48072c3b3f4379f5e58-d5c851386dd9fddd9045113f22997d4a.jpg,6
height_gray_1d6fb154d59bb48072c3b3f4379f5e58-d5c851386dd9fddd9045113f22997d4a.jpg,6
aglaonema-opisanie-uhod-v-domashnih-usloviyah-i-razmnozhenie.jpg,6
gray_aglaonema-opisanie-uhod-v-domashnih-usloviyah-i-razmnozhenie.jpg,6
conv_aglaonema-opisanie-uhod-v-domashnih-usloviyah-i-razmnozhenie.jpg,6
gray_conv_aglaonema-opisanie-uhod-v-domashnih-usloviyah-i-razmnozhenie.jpg,6
rot90_aglaonema-opisanie-uhod-v-domashnih-usloviyah-i-razmnozhenie.jpg,6
gray_rot90_aglaonema-opisanie-uhod-v-domashnih-usloviyah-i-razmnozhenie.jpg,6
rot180_aglaonema-opisanie-uhod-v-domashnih-usloviyah-i-razmnozhenie.jpg,6
gray_rot180_aglaonema-opisanie-uhod-v-domashnih-usloviyah-i-razmnozhenie.jpg,6
width_aglaonema-opisanie-uhod-v-domashnih-usloviyah-i-razmnozhenie.jpg,6
width_gray_aglaonema-opisanie-uhod-v-domashnih-usloviyah-i-razmnozhenie.jpg,6
wid_rot90_aglaonema-opisanie-uhod-v-domashnih-usloviyah-i-razmnozhenie.jpg,6
height_aglaonema-opisanie-uhod-v-domashnih-usloviyah-i-razmnozhenie.jpg,6
height_gray_aglaonema-opisanie-uhod-v-domashnih-usloviyah-i-razmnozhenie.jpg,6
Aglaonema.jpg,6
gray_Aglaonema.jpg,6
conv_Aglaonema.jpg,6
gray_conv_Aglaonema.jpg,6
rot90_Aglaonema.jpg,6
gray_rot90_Aglaonema.jpg,6
rot180_Aglaonema.jpg,6
gray_rot180_Aglaonema.jpg,6
width_Aglaonema.jpg,6
width_gray_Aglaonema.jpg,6
wid_rot90_Aglaonema.jpg,6
height_Aglaonema.jpg,6
height_gray_Aglaonema.jpg,6
1650660037_55-vsegda-pomnim-com-p-tsvetenie-kalankhoe-v-domashnikh-usloviyak-57.jpg,7
gray_1650660037_55-vsegda-pomnim-com-p-tsvetenie-kalankhoe-v-domashnikh-usloviyak-57.jpg,7
conv_1650660037_55-vsegda-pomnim-com-p-tsvetenie-kalankhoe-v-domashnikh-usloviyak-57.jpg,7
gray_conv_1650660037_55-vsegda-pomnim-com-p-tsvetenie-kalankhoe-v-domashnikh-usloviyak-57.jpg,7
rot90_1650660037_55-vsegda-pomnim-com-p-tsvetenie-kalankhoe-v-domashnikh-usloviyak-57.jpg,7
gray_rot90_1650660037_55-vsegda-pomnim-com-p-tsvetenie-kalankhoe-v-domashnikh-usloviyak-57.jpg,7
rot180_1650660037_55-vsegda-pomnim-com-p-tsvetenie-kalankhoe-v-domashnikh-usloviyak-57.jpg,7
gray_rot180_1650660037_55-vsegda-pomnim-com-p-tsvetenie-kalankhoe-v-domashnikh-usloviyak-57.jpg,7
width_1650660037_55-vsegda-pomnim-com-p-tsvetenie-kalankhoe-v-domashnikh-usloviyak-57.jpg,7
width_gray_1650660037_55-vsegda-pomnim-com-p-tsvetenie-kalankhoe-v-domashnikh-usloviyak-57.jpg,7
wid_rot90_1650660037_55-vsegda-pomnim-com-p-tsvetenie-kalankhoe-v-domashnikh-usloviyak-57.jpg,7
height_1650660037_55-vsegda-pomnim-com-p-tsvetenie-kalankhoe-v-domashnikh-usloviyak-57.jpg,7
height_gray_1650660037_55-vsegda-pomnim-com-p-tsvetenie-kalankhoe-v-domashnikh-usloviyak-57.jpg,7
1663395697_41-mykaleidoscope-ru-p-kalankhoe-v-sadu-instagram-42.jpg,7
gray_1663395697_41-mykaleidoscope-ru-p-kalankhoe-v-sadu-instagram-42.jpg,7
conv_1663395697_41-mykaleidoscope-ru-p-kalankhoe-v-sadu-instagram-42.jpg,7
gray_conv_1663395697_41-mykaleidoscope-ru-p-kalankhoe-v-sadu-instagram-42.jpg,7
rot90_1663395697_41-mykaleidoscope-ru-p-kalankhoe-v-sadu-instagram-42.jpg,7
gray_rot90_1663395697_41-mykaleidoscope-ru-p-kalankhoe-v-sadu-instagram-42.jpg,7
rot180_1663395697_41-mykaleidoscope-ru-p-kalankhoe-v-sadu-instagram-42.jpg,7
gray_rot180_1663395697_41-mykaleidoscope-ru-p-kalankhoe-v-sadu-instagram-42.jpg,7
width_1663395697_41-mykaleidoscope-ru-p-kalankhoe-v-sadu-instagram-42.jpg,7
width_gray_1663395697_41-mykaleidoscope-ru-p-kalankhoe-v-sadu-instagram-42.jpg,7
wid_rot90_1663395697_41-mykaleidoscope-ru-p-kalankhoe-v-sadu-instagram-42.jpg,7
height_1663395697_41-mykaleidoscope-ru-p-kalankhoe-v-sadu-instagram-42.jpg,7
height_gray_1663395697_41-mykaleidoscope-ru-p-kalankhoe-v-sadu-instagram-42.jpg,7
1707226472_binomen-ru-p-kalankhoe-tsvetok-vkontakte-5.jpg,7
gray_1707226472_binomen-ru-p-kalankhoe-tsvetok-vkontakte-5.jpg,7
conv_1707226472_binomen-ru-p-kalankhoe-tsvetok-vkontakte-5.jpg,7
gray_conv_1707226472_binomen-ru-p-kalankhoe-tsvetok-vkontakte-5.jpg,7
rot90_1707226472_binomen-ru-p-kalankhoe-tsvetok-vkontakte-5.jpg,7
gray_rot90_1707226472_binomen-ru-p-kalankhoe-tsvetok-vkontakte-5.jpg,7
rot180_1707226472_binomen-ru-p-kalankhoe-tsvetok-vkontakte-5.jpg,7
gray_rot180_1707226472_binomen-ru-p-kalankhoe-tsvetok-vkontakte-5.jpg,7
width_1707226472_binomen-ru-p-kalankhoe-tsvetok-vkontakte-5.jpg,7
width_gray_1707226472_binomen-ru-p-kalankhoe-tsvetok-vkontakte-5.jpg,7
wid_rot90_1707226472_binomen-ru-p-kalankhoe-tsvetok-vkontakte-5.jpg,7
height_1707226472_binomen-ru-p-kalankhoe-tsvetok-vkontakte-5.jpg,7
height_gray_1707226472_binomen-ru-p-kalankhoe-tsvetok-vkontakte-5.jpg,7
339e483bd19df885b9fd5f84c8993740.jpeg,7
gray_339e483bd19df885b9fd5f84c8993740.jpeg,7
conv_339e483bd19df885b9fd5f84c8993740.jpeg,7
gray_conv_339e483bd19df885b9fd5f84c8993740.jpeg,7
rot90_339e483bd19df885b9fd5f84c8993740.jpeg,7
gray_rot90_339e483bd19df885b9fd5f84c8993740.jpeg,7
rot180_339e483bd19df885b9fd5f84c8993740.jpeg,7
gray_rot180_339e483bd19df885b9fd5f84c8993740.jpeg,7
width_339e483bd19df885b9fd5f84c8993740.jpeg,7
width_gray_339e483bd19df885b9fd5f84c8993740.jpeg,7
wid_rot90_339e483bd19df885b9fd5f84c8993740.jpeg,7
height_339e483bd19df885b9fd5f84c8993740.jpeg,7
height_gray_339e483bd19df885b9fd5f84c8993740.jpeg,7
502.jpg,7
gray_502.jpg,7
conv_502.jpg,7
gray_conv_502.jpg,7
rot90_502.jpg,7
gray_rot90_502.jpg,7
rot180_502.jpg,7
gray_rot180_502.jpg,7
width_502.jpg,7
width_gray_502.jpg,7
wid_rot90_502.jpg,7
height_502.jpg,7
height_gray_502.jpg,7
Kalankhoe1.jpg,7
gray_Kalankhoe1.jpg,7
conv_Kalankhoe1.jpg,7
gray_conv_Kalankhoe1.jpg,7
rot90_Kalankhoe1.jpg,7
gray_rot90_Kalankhoe1.jpg,7
rot180_Kalankhoe1.jpg,7
gray_rot180_Kalankhoe1.jpg,7
width_Kalankhoe1.jpg,7
width_gray_Kalankhoe1.jpg,7
wid_rot90_Kalankhoe1.jpg,7
height_Kalankhoe1.jpg,7
height_gray_Kalankhoe1.jpg,7
1633891099_59-p-domashnii-kaktus-foto-61.jpg,8
gray_1633891099_59-p-domashnii-kaktus-foto-61.jpg,8
conv_1633891099_59-p-domashnii-kaktus-foto-61.jpg,8
gray_conv_1633891099_59-p-domashnii-kaktus-foto-61.jpg,8
rot90_1633891099_59-p-domashnii-kaktus-foto-61.jpg,8
gray_rot90_1633891099_59-p-domashnii-kaktus-foto-61.jpg,8
rot180_1633891099_59-p-domashnii-kaktus-foto-61.jpg,8
gray_rot180_1633891099_59-p-domashnii-kaktus-foto-61.jpg,8
width_1633891099_59-p-domashnii-kaktus-foto-61.jpg,8
width_gray_1633891099_59-p-domashnii-kaktus-foto-61.jpg,8
wid_rot90_1633891099_59-p-domashnii-kaktus-foto-61.jpg,8
height_1633891099_59-p-domashnii-kaktus-foto-61.jpg,8
height_gray_1633891099_59-p-domashnii-kaktus-foto-61.jpg,8
1633891133_55-p-domashnii-kaktus-foto-56.jpg,8
gray_1633891133_55-p-domashnii-kaktus-foto-56.jpg,8
conv_1633891133_55-p-domashnii-kaktus-foto-56.jpg,8
gray_conv_1633891133_55-p-domashnii-kaktus-foto-56.jpg,8
rot90_1633891133_55-p-domashnii-kaktus-foto-56.jpg,8
gray_rot90_1633891133_55-p-domashnii-kaktus-foto-56.jpg,8
rot180_1633891133_55-p-domashnii-kaktus-foto-56.jpg,8
gray_rot180_1633891133_55-p-domashnii-kaktus-foto-56.jpg,8
width_1633891133_55-p-domashnii-kaktus-foto-56.jpg,8
width_gray_1633891133_55-p-domashnii-kaktus-foto-56.jpg,8
wid_rot90_1633891133_55-p-domashnii-kaktus-foto-56.jpg,8
height_1633891133_55-p-domashnii-kaktus-foto-56.jpg,8
height_gray_1633891133_55-p-domashnii-kaktus-foto-56.jpg,8
1703574368_vsegda-pomnim-com-p-komnatnie-rasteniya-kaktusi-foto-10.jpg,8
gray_1703574368_vsegda-pomnim-com-p-komnatnie-rasteniya-kaktusi-foto-10.jpg,8
conv_1703574368_vsegda-pomnim-com-p-komnatnie-rasteniya-kaktusi-foto-10.jpg,8
gray_conv_1703574368_vsegda-pomnim-com-p-komnatnie-rasteniya-kaktusi-foto-10.jpg,8
rot90_1703574368_vsegda-pomnim-com-p-komnatnie-rasteniya-kaktusi-foto-10.jpg,8
gray_rot90_1703574368_vsegda-pomnim-com-p-komnatnie-rasteniya-kaktusi-foto-10.jpg,8
rot180_1703574368_vsegda-pomnim-com-p-komnatnie-rasteniya-kaktusi-foto-10.jpg,8
gray_rot180_1703574368_vsegda-pomnim-com-p-komnatnie-rasteniya-kaktusi-foto-10.jpg,8
width_1703574368_vsegda-pomnim-com-p-komnatnie-rasteniya-kaktusi-foto-10.jpg,8
width_gray_1703574368_vsegda-pomnim-com-p-komnatnie-rasteniya-kaktusi-foto-10.jpg,8
wid_rot90_1703574368_vsegda-pomnim-com-p-komnatnie-rasteniya-kaktusi-foto-10.jpg,8
height_1703574368_vsegda-pomnim-com-p-komnatnie-rasteniya-kaktusi-foto-10.jpg,8
height_gray_1703574368_vsegda-pomnim-com-p-komnatnie-rasteniya-kaktusi-foto-10.jpg,8
556084.jpg,8
gray_556084.jpg,8
conv_556084.jpg,8
gray_conv_556084.jpg,8
rot90_556084.jpg,8
gray_rot90_556084.jpg,8
rot180_556084.jpg,8
gray_rot180_556084.jpg,8
width_556084.jpg,8
width_gray_556084.jpg,8
wid_rot90_556084.jpg,8
height_556084.jpg,8
height_gray_556084.jpg,8
czereus-73.jpg,8
gray_czereus-73.jpg,8
conv_czereus-73.jpg,8
gray_conv_czereus-73.jpg,8
rot90_czereus-73.jpg,8
gray_rot90_czereus-73.jpg,8
rot180_czereus-73.jpg,8
gray_rot180_czereus-73.jpg,8
width_czereus-73.jpg,8
width_gray_czereus-73.jpg,8
wid_rot90_czereus-73.jpg,8
height_czereus-73.jpg,8
height_gray_czereus-73.jpg,8
dbe0c743d0c3e7c4600f8974091f52f3.jpeg,8
gray_dbe0c743d0c3e7c4600f8974091f52f3.jpeg,8
conv_dbe0c743d0c3e7c4600f8974091f52f3.jpeg,8
gray_conv_dbe0c743d0c3e7c4600f8974091f52f3.jpeg,8
rot90_dbe0c743d0c3e7c4600f8974091f52f3.jpeg,8
gray_rot90_dbe0c743d0c3e7c4600f8974091f52f3.jpeg,8
rot180_dbe0c743d0c3e7c4600f8974091f52f3.jpeg,8
gray_rot180_dbe0c743d0c3e7c4600f8974091f52f3.jpeg,8
width_dbe0c743d0c3e7c4600f8974091f52f3.jpeg,8
width_gray_dbe0c743d0c3e7c4600f8974091f52f3.jpeg,8
wid_rot90_dbe0c743d0c3e7c4600f8974091f52f3.jpeg,8
height_dbe0c743d0c3e7c4600f8974091f52f3.jpeg,8
height_gray_dbe0c743d0c3e7c4600f8974091f52f3.jpeg,8
tersheka-terscheckii.jpg,8
gray_tersheka-terscheckii.jpg,8
conv_tersheka-terscheckii.jpg,8
gray_conv_tersheka-terscheckii.jpg,8
rot90_tersheka-terscheckii.jpg,8
gray_rot90_tersheka-terscheckii.jpg,8
rot180_tersheka-terscheckii.jpg,8
gray_rot180_tersheka-terscheckii.jpg,8
width_tersheka-terscheckii.jpg,8
width_gray_tersheka-terscheckii.jpg,8
wid_rot90_tersheka-terscheckii.jpg,8
height_tersheka-terscheckii.jpg,8
height_gray_tersheka-terscheckii.jpg,8
1684314854_dubabah-club-p-fikus-elastika-rubi-vkontakte-47.jpg,9
gray_1684314854_dubabah-club-p-fikus-elastika-rubi-vkontakte-47.jpg,9
conv_1684314854_dubabah-club-p-fikus-elastika-rubi-vkontakte-47.jpg,9
gray_conv_1684314854_dubabah-club-p-fikus-elastika-rubi-vkontakte-47.jpg,9
rot90_1684314854_dubabah-club-p-fikus-elastika-rubi-vkontakte-47.jpg,9
gray_rot90_1684314854_dubabah-club-p-fikus-elastika-rubi-vkontakte-47.jpg,9
rot180_1684314854_dubabah-club-p-fikus-elastika-rubi-vkontakte-47.jpg,9
gray_rot180_1684314854_dubabah-club-p-fikus-elastika-rubi-vkontakte-47.jpg,9
width_1684314854_dubabah-club-p-fikus-elastika-rubi-vkontakte-47.jpg,9
width_gray_1684314854_dubabah-club-p-fikus-elastika-rubi-vkontakte-47.jpg,9
wid_rot90_1684314854_dubabah-club-p-fikus-elastika-rubi-vkontakte-47.jpg,9
height_1684314854_dubabah-club-p-fikus-elastika-rubi-vkontakte-47.jpg,9
height_gray_1684314854_dubabah-club-p-fikus-elastika-rubi-vkontakte-47.jpg,9
2765df2f2cf1c57fe5c7482a747c7d89.jpg,9
gray_2765df2f2cf1c57fe5c7482a747c7d89.jpg,9
conv_2765df2f2cf1c57fe5c7482a747c7d89.jpg,9
gray_conv_2765df2f2cf1c57fe5c7482a747c7d89.jpg,9
rot90_2765df2f2cf1c57fe5c7482a747c7d89.jpg,9
gray_rot90_2765df2f2cf1c57fe5c7482a747c7d89.jpg,9
rot180_2765df2f2cf1c57fe5c7482a747c7d89.jpg,9
gray_rot180_2765df2f2cf1c57fe5c7482a747c7d89.jpg,9
width_2765df2f2cf1c57fe5c7482a747c7d89.jpg,9
width_gray_2765df2f2cf1c57fe5c7482a747c7d89.jpg,9
wid_rot90_2765df2f2cf1c57fe5c7482a747c7d89.jpg,9
height_2765df2f2cf1c57fe5c7482a747c7d89.jpg,9
height_gray_2765df2f2cf1c57fe5c7482a747c7d89.jpg,9
3774.750x0.jpg,9
gray_3774.750x0.jpg,9
conv_3774.750x0.jpg,9
gray_conv_3774.750x0.jpg,9
rot90_3774.750x0.jpg,9
gray_rot90_3774.750x0.jpg,9
rot180_3774.750x0.jpg,9
gray_rot180_3774.750x0.jpg,9
width_3774.750x0.jpg,9
width_gray_3774.750x0.jpg,9
wid_rot90_3774.750x0.jpg,9
height_3774.750x0.jpg,9
height_gray_3774.750x0.jpg,9
fikus-kauchukonosnyy-elastika-1.jpg,9
gray_fikus-kauchukonosnyy-elastika-1.jpg,9
conv_fikus-kauchukonosnyy-elastika-1.jpg,9
gray_conv_fikus-kauchukonosnyy-elastika-1.jpg,9
rot90_fikus-kauchukonosnyy-elastika-1.jpg,9
gray_rot90_fikus-kauchukonosnyy-elastika-1.jpg,9
rot180_fikus-kauchukonosnyy-elastika-1.jpg,9
gray_rot180_fikus-kauchukonosnyy-elastika-1.jpg,9
width_fikus-kauchukonosnyy-elastika-1.jpg,9
width_gray_fikus-kauchukonosnyy-elastika-1.jpg,9
wid_rot90_fikus-kauchukonosnyy-elastika-1.jpg,9
height_fikus-kauchukonosnyy-elastika-1.jpg,9
height_gray_fikus-kauchukonosnyy-elastika-1.jpg,9
kauchuk.jpg,9
gray_kauchuk.jpg,9
conv_kauchuk.jpg,9
gray_conv_kauchuk.jpg,9
rot90_kauchuk.jpg,9
gray_rot90_kauchuk.jpg,9
rot180_kauchuk.jpg,9
gray_rot180_kauchuk.jpg,9
width_kauchuk.jpg,9
width_gray_kauchuk.jpg,9
wid_rot90_kauchuk.jpg,9
height_kauchuk.jpg,9
height_gray_kauchuk.jpg,9
kpjpoopjoojojopj2.jpg,9
gray_kpjpoopjoojojopj2.jpg,9
conv_kpjpoopjoojojopj2.jpg,9
gray_conv_kpjpoopjoojojopj2.jpg,9
rot90_kpjpoopjoojojopj2.jpg,9
gray_rot90_kpjpoopjoojojopj2.jpg,9
rot180_kpjpoopjoojojopj2.jpg,9
gray_rot180_kpjpoopjoojojopj2.jpg,9
width_kpjpoopjoojojopj2.jpg,9
width_gray_kpjpoopjoojojopj2.jpg,9
wid_rot90_kpjpoopjoojojopj2.jpg,9
height_kpjpoopjoojojopj2.jpg,9
height_gray_kpjpoopjoojojopj2.jpg,9
