,img_name,id
0,IMG_1561-Copy_jpg.rf.051eecdb42d32cbd6ba6d708333737ea.jpg,0
1,IMG_1561-Copy_jpg.rf.0f1b5f477a8dab97076844d8f2c93288.jpg,1
2,IMG_1561-Copy_jpg.rf.3b1c844f37fd454045245741c2aad0a1.jpg,2
3,IMG_1561-Copy_jpg.rf.8e050a0ce38830a62d77617dcf1b5c19.jpg,3
4,IMG_1561-Copy_jpg.rf.b3d26b3f50e8fbfce32b28762b2a4eb9.jpg,4
5,IMG_1561-Copy_jpg.rf.f3e79779449585d903292eac50d1c5f4.jpg,5
6,IMG_1566-Copy_jpg.rf.fda9eca49405cae66b833a4ed597f0ef.jpg,6
7,IMG_1567-Copy_jpg.rf.69957ee56bc6a1720d60057275333fef.jpg,7
8,IMG_1567-Copy_jpg.rf.c05abccadd6d9391db2f4ef912b9d0cf.jpg,8
9,IMG_1567-Copy_jpg.rf.dfb1a0561180964f4a06ae1cfabb7fa0.jpg,9
10,IMG_1569-Copy_jpg.rf.15111e7bc94990ebfcf63927e8d11936.jpg,10
11,IMG_1569-Copy_jpg.rf.27ac68989420eaee8589edf859f75fec.jpg,11
12,IMG_1569-Copy_jpg.rf.5b07fa3a923777a3cc150d19bf390ac5.jpg,12
13,IMG_1569-Copy_jpg.rf.6b53b4c3472758287dfc07bd7a7033e2.jpg,13
14,IMG_1569-Copy_jpg.rf.7c57c7619789499bced7de26c128afd5.jpg,14
15,IMG_1569-Copy_jpg.rf.dd631398769aee20e1201a3cdc32e486.jpg,15
16,IMG_1576-Copy_jpg.rf.01bd4d2834b9739bbaff86c065c448a8 — копия.jpg,16
17,IMG_1576-Copy_jpg.rf.01bd4d2834b9739bbaff86c065c448a8.jpg,17
18,IMG_1576-Copy_jpg.rf.544ec96f2d10947dc487f14dd68367a6 — копия.jpg,18
19,IMG_1576-Copy_jpg.rf.544ec96f2d10947dc487f14dd68367a6.jpg,19
20,IMG_1576-Copy_jpg.rf.567d61ada6067cdca3bf84cc479f5d9f — копия.jpg,20
21,IMG_1576-Copy_jpg.rf.567d61ada6067cdca3bf84cc479f5d9f.jpg,21
22,IMG_1576-Copy_jpg.rf.5a5ad9a1437d0d672cbd9bd5288a7852.jpg,22
23,IMG_1576-Copy_jpg.rf.f46648d9e8e56af03fdbb19fe8c192af — копия.jpg,23
24,IMG_1576-Copy_jpg.rf.f46648d9e8e56af03fdbb19fe8c192af.jpg,24
25,IMG_1576-Copy_jpg.rf.f9f5f38b2ce954a6124023ccb5997ef3 — копия.jpg,25
26,IMG_1576-Copy_jpg.rf.f9f5f38b2ce954a6124023ccb5997ef3.jpg,26
27,IMG_1577-Copy_jpg.rf.129a01e71c38272de14e202baeaaf254.jpg,27
28,IMG_1577-Copy_jpg.rf.131f4013238697ba5da718ebd30b4126.jpg,28
29,IMG_1577-Copy_jpg.rf.6a7bc774da8d2455e6154f7212cdb828.jpg,29
30,IMG_1577-Copy_jpg.rf.8a47b124eace936c3f1cfa89054c2239.jpg,30
31,IMG_1577-Copy_jpg.rf.c379f93ab4bb8ec70e1058b8c213feb3.jpg,31
32,IMG_1577-Copy_jpg.rf.e62f989fb9b88a5cf0eab5a76cc94ccc.jpg,32
33,05-67.jpg,33
34,14-1578.jpg,34
35,1650513367_55-vsegda-pomnim-com-p-kak-tsvetet-palma-khoveya-foto-63.jpg,35
36,1650514776_64-vsegda-pomnim-com-p-kak-tsvetet-khoveya-foto-72.jpg,36
37,1650616263_47-vsegda-pomnim-com-p-khoveya-tsvetenie-foto-49.jpg,37
38,20170804_020203790_iOS.jpg,38
39,7girpcXNI7Gb42G.jpg,39
40,conv_05-67.jpg,40
41,conv_14-1578.jpg,41
42,conv_1650513367_55-vsegda-pomnim-com-p-kak-tsvetet-palma-khoveya-foto-63.jpg,42
43,conv_1650514776_64-vsegda-pomnim-com-p-kak-tsvetet-khoveya-foto-72.jpg,43
44,conv_1650616263_47-vsegda-pomnim-com-p-khoveya-tsvetenie-foto-49.jpg,44
45,conv_20170804_020203790_iOS.jpg,45
46,conv_7girpcXNI7Gb42G.jpg,46
47,conv_dscf9793-1.jpg,47
48,conv_hoveya-63.jpg,48
49,conv_kogda-peresazhivat-hoveyu.jpg,49
50,dscf9793-1.jpg,50
51,gray_05-67.jpg,51
52,gray_14-1578.jpg,52
53,gray_1650513367_55-vsegda-pomnim-com-p-kak-tsvetet-palma-khoveya-foto-63.jpg,53
54,gray_1650514776_64-vsegda-pomnim-com-p-kak-tsvetet-khoveya-foto-72.jpg,54
55,gray_1650616263_47-vsegda-pomnim-com-p-khoveya-tsvetenie-foto-49.jpg,55
56,gray_20170804_020203790_iOS.jpg,56
57,gray_7girpcXNI7Gb42G.jpg,57
58,gray_conv_05-67.jpg,58
59,gray_conv_14-1578.jpg,59
60,gray_conv_1650513367_55-vsegda-pomnim-com-p-kak-tsvetet-palma-khoveya-foto-63.jpg,60
61,gray_conv_1650514776_64-vsegda-pomnim-com-p-kak-tsvetet-khoveya-foto-72.jpg,61
62,gray_conv_1650616263_47-vsegda-pomnim-com-p-khoveya-tsvetenie-foto-49.jpg,62
63,gray_conv_20170804_020203790_iOS.jpg,63
64,gray_conv_7girpcXNI7Gb42G.jpg,64
65,gray_conv_dscf9793-1.jpg,65
66,gray_conv_hoveya-63.jpg,66
67,gray_conv_kogda-peresazhivat-hoveyu.jpg,67
68,gray_dscf9793-1.jpg,68
69,gray_hoveya-63.jpg,69
70,gray_kogda-peresazhivat-hoveyu.jpg,70
71,gray_rot180_05-67.jpg,71
72,gray_rot180_14-1578.jpg,72
73,gray_rot180_1650513367_55-vsegda-pomnim-com-p-kak-tsvetet-palma-khoveya-foto-63.jpg,73
74,gray_rot180_1650514776_64-vsegda-pomnim-com-p-kak-tsvetet-khoveya-foto-72.jpg,74
75,gray_rot180_1650616263_47-vsegda-pomnim-com-p-khoveya-tsvetenie-foto-49.jpg,75
76,gray_rot180_20170804_020203790_iOS.jpg,76
77,gray_rot180_7girpcXNI7Gb42G.jpg,77
78,gray_rot180_dscf9793-1.jpg,78
79,gray_rot180_hoveya-63.jpg,79
80,gray_rot180_kogda-peresazhivat-hoveyu.jpg,80
81,gray_rot90_05-67.jpg,81
82,gray_rot90_14-1578.jpg,82
83,gray_rot90_1650513367_55-vsegda-pomnim-com-p-kak-tsvetet-palma-khoveya-foto-63.jpg,83
84,gray_rot90_1650514776_64-vsegda-pomnim-com-p-kak-tsvetet-khoveya-foto-72.jpg,84
85,gray_rot90_1650616263_47-vsegda-pomnim-com-p-khoveya-tsvetenie-foto-49.jpg,85
86,gray_rot90_20170804_020203790_iOS.jpg,86
87,gray_rot90_7girpcXNI7Gb42G.jpg,87
88,gray_rot90_dscf9793-1.jpg,88
89,gray_rot90_hoveya-63.jpg,89
90,gray_rot90_kogda-peresazhivat-hoveyu.jpg,90
91,height_05-67.jpg,91
92,height_14-1578.jpg,92
93,height_1650513367_55-vsegda-pomnim-com-p-kak-tsvetet-palma-khoveya-foto-63.jpg,93
94,height_1650514776_64-vsegda-pomnim-com-p-kak-tsvetet-khoveya-foto-72.jpg,94
95,height_1650616263_47-vsegda-pomnim-com-p-khoveya-tsvetenie-foto-49.jpg,95
96,height_20170804_020203790_iOS.jpg,96
97,height_7girpcXNI7Gb42G.jpg,97
98,height_dscf9793-1.jpg,98
99,height_gray_05-67.jpg,99
100,height_gray_14-1578.jpg,100
101,height_gray_1650513367_55-vsegda-pomnim-com-p-kak-tsvetet-palma-khoveya-foto-63.jpg,101
102,height_gray_1650514776_64-vsegda-pomnim-com-p-kak-tsvetet-khoveya-foto-72.jpg,102
103,height_gray_1650616263_47-vsegda-pomnim-com-p-khoveya-tsvetenie-foto-49.jpg,103
104,height_gray_20170804_020203790_iOS.jpg,104
105,height_gray_7girpcXNI7Gb42G.jpg,105
106,height_gray_dscf9793-1.jpg,106
107,height_gray_hoveya-63.jpg,107
108,height_gray_kogda-peresazhivat-hoveyu.jpg,108
109,height_hoveya-63.jpg,109
110,height_kogda-peresazhivat-hoveyu.jpg,110
111,hoveya-63.jpg,111
112,kogda-peresazhivat-hoveyu.jpg,112
113,rot18005-67.jpg,113
114,rot18014-1578.jpg,114
115,rot1801650513367_55-vsegda-pomnim-com-p-kak-tsvetet-palma-khoveya-foto-63.jpg,115
116,rot1801650514776_64-vsegda-pomnim-com-p-kak-tsvetet-khoveya-foto-72.jpg,116
117,rot1801650616263_47-vsegda-pomnim-com-p-khoveya-tsvetenie-foto-49.jpg,117
118,rot18020170804_020203790_iOS.jpg,118
119,rot1807girpcXNI7Gb42G.jpg,119
120,rot180dscf9793-1.jpg,120
121,rot180hoveya-63.jpg,121
122,rot180kogda-peresazhivat-hoveyu.jpg,122
123,rot9005-67.jpg,123
124,rot9014-1578.jpg,124
125,rot901650513367_55-vsegda-pomnim-com-p-kak-tsvetet-palma-khoveya-foto-63.jpg,125
126,rot901650514776_64-vsegda-pomnim-com-p-kak-tsvetet-khoveya-foto-72.jpg,126
127,rot901650616263_47-vsegda-pomnim-com-p-khoveya-tsvetenie-foto-49.jpg,127
128,rot9020170804_020203790_iOS.jpg,128
129,rot907girpcXNI7Gb42G.jpg,129
130,rot90dscf9793-1.jpg,130
131,rot90hoveya-63.jpg,131
132,rot90kogda-peresazhivat-hoveyu.jpg,132
133,width_05-67.jpg,133
134,width_14-1578.jpg,134
135,width_1650513367_55-vsegda-pomnim-com-p-kak-tsvetet-palma-khoveya-foto-63.jpg,135
136,width_1650514776_64-vsegda-pomnim-com-p-kak-tsvetet-khoveya-foto-72.jpg,136
137,width_1650616263_47-vsegda-pomnim-com-p-khoveya-tsvetenie-foto-49.jpg,137
138,width_20170804_020203790_iOS.jpg,138
139,width_7girpcXNI7Gb42G.jpg,139
140,width_dscf9793-1.jpg,140
141,width_gray_05-67.jpg,141
142,width_gray_14-1578.jpg,142
143,width_gray_1650513367_55-vsegda-pomnim-com-p-kak-tsvetet-palma-khoveya-foto-63.jpg,143
144,width_gray_1650514776_64-vsegda-pomnim-com-p-kak-tsvetet-khoveya-foto-72.jpg,144
145,width_gray_1650616263_47-vsegda-pomnim-com-p-khoveya-tsvetenie-foto-49.jpg,145
146,width_gray_20170804_020203790_iOS.jpg,146
147,width_gray_7girpcXNI7Gb42G.jpg,147
148,width_gray_dscf9793-1.jpg,148
149,width_gray_hoveya-63.jpg,149
150,width_gray_kogda-peresazhivat-hoveyu.jpg,150
151,width_hoveya-63.jpg,151
152,width_kogda-peresazhivat-hoveyu.jpg,152
153,wid_rot90_05-67.jpg,153
154,wid_rot90_14-1578.jpg,154
155,wid_rot90_1650513367_55-vsegda-pomnim-com-p-kak-tsvetet-palma-khoveya-foto-63.jpg,155
156,wid_rot90_1650514776_64-vsegda-pomnim-com-p-kak-tsvetet-khoveya-foto-72.jpg,156
157,wid_rot90_1650616263_47-vsegda-pomnim-com-p-khoveya-tsvetenie-foto-49.jpg,157
158,wid_rot90_20170804_020203790_iOS.jpg,158
159,wid_rot90_7girpcXNI7Gb42G.jpg,159
160,wid_rot90_dscf9793-1.jpg,160
161,wid_rot90_hoveya-63.jpg,161
162,wid_rot90_kogda-peresazhivat-hoveyu.jpg,162
163,1571109.jpg,163
164,1633466875_34-p-orkhideya-tsvetov-v-gorshke-doma-foto-34.jpg,164
165,1633729672_57-pro-dachnikov-com-p-orkhidei-domashnie-foto-62.jpg,165
166,1650647553_40-vsegda-pomnim-com-p-kak-pravilno-podrezat-orkhideyu-posle-tsve-41.jpg,166
167,1672888236_pro-dachnikov-com-p-orkhidei-na-okne-foto-25.jpg,167
168,217601-feae5-34108851-m750x740.jpg,168
169,33000_533x800_7b812fdb7dc841b1dce821a4366cf4f1.jpg,169
170,4086931 (1).jpg,170
171,conv_1571109.jpg,171
172,conv_1633466875_34-p-orkhideya-tsvetov-v-gorshke-doma-foto-34.jpg,172
173,conv_1633729672_57-pro-dachnikov-com-p-orkhidei-domashnie-foto-62.jpg,173
174,conv_1650647553_40-vsegda-pomnim-com-p-kak-pravilno-podrezat-orkhideyu-posle-tsve-41.jpg,174
175,conv_1672888236_pro-dachnikov-com-p-orkhidei-na-okne-foto-25.jpg,175
176,conv_217601-feae5-34108851-m750x740.jpg,176
177,conv_33000_533x800_7b812fdb7dc841b1dce821a4366cf4f1.jpg,177
178,conv_4086931 (1).jpg,178
179,conv_Listya-orhidei-39.jpg,179
180,conv_scale_1200.jpg,180
181,gray_1571109.jpg,181
182,gray_1633466875_34-p-orkhideya-tsvetov-v-gorshke-doma-foto-34.jpg,182
183,gray_1633729672_57-pro-dachnikov-com-p-orkhidei-domashnie-foto-62.jpg,183
184,gray_1650647553_40-vsegda-pomnim-com-p-kak-pravilno-podrezat-orkhideyu-posle-tsve-41.jpg,184
185,gray_1672888236_pro-dachnikov-com-p-orkhidei-na-okne-foto-25.jpg,185
186,gray_217601-feae5-34108851-m750x740.jpg,186
187,gray_33000_533x800_7b812fdb7dc841b1dce821a4366cf4f1.jpg,187
188,gray_4086931 (1).jpg,188
189,gray_conv_1571109.jpg,189
190,gray_conv_1633466875_34-p-orkhideya-tsvetov-v-gorshke-doma-foto-34.jpg,190
191,gray_conv_1633729672_57-pro-dachnikov-com-p-orkhidei-domashnie-foto-62.jpg,191
192,gray_conv_1650647553_40-vsegda-pomnim-com-p-kak-pravilno-podrezat-orkhideyu-posle-tsve-41.jpg,192
193,gray_conv_1672888236_pro-dachnikov-com-p-orkhidei-na-okne-foto-25.jpg,193
194,gray_conv_217601-feae5-34108851-m750x740.jpg,194
195,gray_conv_33000_533x800_7b812fdb7dc841b1dce821a4366cf4f1.jpg,195
196,gray_conv_4086931 (1).jpg,196
197,gray_conv_Listya-orhidei-39.jpg,197
198,gray_conv_scale_1200.jpg,198
199,gray_Listya-orhidei-39.jpg,199
200,gray_rot180_1571109.jpg,200
201,gray_rot180_1633466875_34-p-orkhideya-tsvetov-v-gorshke-doma-foto-34.jpg,201
202,gray_rot180_1633729672_57-pro-dachnikov-com-p-orkhidei-domashnie-foto-62.jpg,202
203,gray_rot180_1650647553_40-vsegda-pomnim-com-p-kak-pravilno-podrezat-orkhideyu-posle-tsve-41.jpg,203
204,gray_rot180_1672888236_pro-dachnikov-com-p-orkhidei-na-okne-foto-25.jpg,204
205,gray_rot180_217601-feae5-34108851-m750x740.jpg,205
206,gray_rot180_33000_533x800_7b812fdb7dc841b1dce821a4366cf4f1.jpg,206
207,gray_rot180_4086931 (1).jpg,207
208,gray_rot180_Listya-orhidei-39.jpg,208
209,gray_rot180_scale_1200.jpg,209
210,gray_rot90_1571109.jpg,210
211,gray_rot90_1633466875_34-p-orkhideya-tsvetov-v-gorshke-doma-foto-34.jpg,211
212,gray_rot90_1633729672_57-pro-dachnikov-com-p-orkhidei-domashnie-foto-62.jpg,212
213,gray_rot90_1650647553_40-vsegda-pomnim-com-p-kak-pravilno-podrezat-orkhideyu-posle-tsve-41.jpg,213
214,gray_rot90_1672888236_pro-dachnikov-com-p-orkhidei-na-okne-foto-25.jpg,214
215,gray_rot90_217601-feae5-34108851-m750x740.jpg,215
216,gray_rot90_33000_533x800_7b812fdb7dc841b1dce821a4366cf4f1.jpg,216
217,gray_rot90_4086931 (1).jpg,217
218,gray_rot90_Listya-orhidei-39.jpg,218
219,gray_rot90_scale_1200.jpg,219
220,gray_scale_1200.jpg,220
221,height_1571109.jpg,221
222,height_1633466875_34-p-orkhideya-tsvetov-v-gorshke-doma-foto-34.jpg,222
223,height_1633729672_57-pro-dachnikov-com-p-orkhidei-domashnie-foto-62.jpg,223
224,height_1650647553_40-vsegda-pomnim-com-p-kak-pravilno-podrezat-orkhideyu-posle-tsve-41.jpg,224
225,height_1672888236_pro-dachnikov-com-p-orkhidei-na-okne-foto-25.jpg,225
226,height_217601-feae5-34108851-m750x740.jpg,226
227,height_33000_533x800_7b812fdb7dc841b1dce821a4366cf4f1.jpg,227
228,height_4086931 (1).jpg,228
229,height_gray_1571109.jpg,229
230,height_gray_1633466875_34-p-orkhideya-tsvetov-v-gorshke-doma-foto-34.jpg,230
231,height_gray_1633729672_57-pro-dachnikov-com-p-orkhidei-domashnie-foto-62.jpg,231
232,height_gray_1650647553_40-vsegda-pomnim-com-p-kak-pravilno-podrezat-orkhideyu-posle-tsve-41.jpg,232
233,height_gray_1672888236_pro-dachnikov-com-p-orkhidei-na-okne-foto-25.jpg,233
234,height_gray_217601-feae5-34108851-m750x740.jpg,234
235,height_gray_33000_533x800_7b812fdb7dc841b1dce821a4366cf4f1.jpg,235
236,height_gray_4086931 (1).jpg,236
237,height_gray_Listya-orhidei-39.jpg,237
238,height_gray_scale_1200.jpg,238
239,height_Listya-orhidei-39.jpg,239
240,height_scale_1200.jpg,240
241,Listya-orhidei-39.jpg,241
242,rot180_1571109.jpg,242
243,rot180_1633466875_34-p-orkhideya-tsvetov-v-gorshke-doma-foto-34.jpg,243
244,rot180_1633729672_57-pro-dachnikov-com-p-orkhidei-domashnie-foto-62.jpg,244
245,rot180_1650647553_40-vsegda-pomnim-com-p-kak-pravilno-podrezat-orkhideyu-posle-tsve-41.jpg,245
246,rot180_1672888236_pro-dachnikov-com-p-orkhidei-na-okne-foto-25.jpg,246
247,rot180_217601-feae5-34108851-m750x740.jpg,247
248,rot180_33000_533x800_7b812fdb7dc841b1dce821a4366cf4f1.jpg,248
249,rot180_4086931 (1).jpg,249
250,rot180_Listya-orhidei-39.jpg,250
251,rot180_scale_1200.jpg,251
252,rot90_1571109.jpg,252
253,rot90_1633466875_34-p-orkhideya-tsvetov-v-gorshke-doma-foto-34.jpg,253
254,rot90_1633729672_57-pro-dachnikov-com-p-orkhidei-domashnie-foto-62.jpg,254
255,rot90_1650647553_40-vsegda-pomnim-com-p-kak-pravilno-podrezat-orkhideyu-posle-tsve-41.jpg,255
256,rot90_1672888236_pro-dachnikov-com-p-orkhidei-na-okne-foto-25.jpg,256
257,rot90_217601-feae5-34108851-m750x740.jpg,257
258,rot90_33000_533x800_7b812fdb7dc841b1dce821a4366cf4f1.jpg,258
259,rot90_4086931 (1).jpg,259
260,rot90_Listya-orhidei-39.jpg,260
261,rot90_scale_1200.jpg,261
262,scale_1200.jpg,262
263,width_1571109.jpg,263
264,width_1633466875_34-p-orkhideya-tsvetov-v-gorshke-doma-foto-34.jpg,264
265,width_1633729672_57-pro-dachnikov-com-p-orkhidei-domashnie-foto-62.jpg,265
266,width_1650647553_40-vsegda-pomnim-com-p-kak-pravilno-podrezat-orkhideyu-posle-tsve-41.jpg,266
267,width_1672888236_pro-dachnikov-com-p-orkhidei-na-okne-foto-25.jpg,267
268,width_217601-feae5-34108851-m750x740.jpg,268
269,width_33000_533x800_7b812fdb7dc841b1dce821a4366cf4f1.jpg,269
270,width_4086931 (1).jpg,270
271,width_gray_1571109.jpg,271
272,width_gray_1633466875_34-p-orkhideya-tsvetov-v-gorshke-doma-foto-34.jpg,272
273,width_gray_1633729672_57-pro-dachnikov-com-p-orkhidei-domashnie-foto-62.jpg,273
274,width_gray_1650647553_40-vsegda-pomnim-com-p-kak-pravilno-podrezat-orkhideyu-posle-tsve-41.jpg,274
275,width_gray_1672888236_pro-dachnikov-com-p-orkhidei-na-okne-foto-25.jpg,275
276,width_gray_217601-feae5-34108851-m750x740.jpg,276
277,width_gray_33000_533x800_7b812fdb7dc841b1dce821a4366cf4f1.jpg,277
278,width_gray_4086931 (1).jpg,278
279,width_gray_Listya-orhidei-39.jpg,279
280,width_gray_scale_1200.jpg,280
281,width_Listya-orhidei-39.jpg,281
282,width_scale_1200.jpg,282
283,wid_rot90_1571109.jpg,283
284,wid_rot90_1633466875_34-p-orkhideya-tsvetov-v-gorshke-doma-foto-34.jpg,284
285,wid_rot90_1633729672_57-pro-dachnikov-com-p-orkhidei-domashnie-foto-62.jpg,285
286,wid_rot90_1650647553_40-vsegda-pomnim-com-p-kak-pravilno-podrezat-orkhideyu-posle-tsve-41.jpg,286
287,wid_rot90_1672888236_pro-dachnikov-com-p-orkhidei-na-okne-foto-25.jpg,287
288,wid_rot90_217601-feae5-34108851-m750x740.jpg,288
289,wid_rot90_33000_533x800_7b812fdb7dc841b1dce821a4366cf4f1.jpg,289
290,wid_rot90_4086931 (1).jpg,290
291,wid_rot90_Listya-orhidei-39.jpg,291
292,wid_rot90_scale_1200.jpg,292
293,1621054115_82-p-sansevieriya-tryokhpolosnaya-foto-99.jpg,293
294,1637875780_124-pro-dachnikov-com-p-sansevieriya-foto-133.jpg,294
295,1638095210_13-pro-dachnikov-com-p-sansevieriya-tryokhpolosnaya-foto-13.jpg,295
296,1660204255_74-mykaleidoscope-ru-p-sansevieriya-khanni-v-interere-dizain-kras-76.jpg,296
297,47716f3302cba4c0eb77de5c60c66293.jpg,297
298,7b26b666289cf05633a731121356fc83--sansevieria-trifasciata-snake-plant.jpg,298
299,conv_1621054115_82-p-sansevieriya-tryokhpolosnaya-foto-99.jpg,299
300,conv_1637875780_124-pro-dachnikov-com-p-sansevieriya-foto-133.jpg,300
301,conv_1638095210_13-pro-dachnikov-com-p-sansevieriya-tryokhpolosnaya-foto-13.jpg,301
302,conv_1660204255_74-mykaleidoscope-ru-p-sansevieriya-khanni-v-interere-dizain-kras-76.jpg,302
303,conv_47716f3302cba4c0eb77de5c60c66293.jpg,303
304,conv_7b26b666289cf05633a731121356fc83--sansevieria-trifasciata-snake-plant.jpg,304
305,conv_d45cf34d342b7a39eb30d8f0ce44722e.jpg,305
306,conv_sansevieriya-8.jpg,306
307,conv_sansevieriya-isklyuchitelno-vyinoslivoe-rastenie-dlya-ukrasheniya-interera-01.jpg,307
308,d45cf34d342b7a39eb30d8f0ce44722e.jpg,308
309,gray_1621054115_82-p-sansevieriya-tryokhpolosnaya-foto-99.jpg,309
310,gray_1637875780_124-pro-dachnikov-com-p-sansevieriya-foto-133.jpg,310
311,gray_1638095210_13-pro-dachnikov-com-p-sansevieriya-tryokhpolosnaya-foto-13.jpg,311
312,gray_1660204255_74-mykaleidoscope-ru-p-sansevieriya-khanni-v-interere-dizain-kras-76.jpg,312
313,gray_47716f3302cba4c0eb77de5c60c66293.jpg,313
314,gray_7b26b666289cf05633a731121356fc83--sansevieria-trifasciata-snake-plant.jpg,314
315,gray_conv_1621054115_82-p-sansevieriya-tryokhpolosnaya-foto-99.jpg,315
316,gray_conv_1637875780_124-pro-dachnikov-com-p-sansevieriya-foto-133.jpg,316
317,gray_conv_1638095210_13-pro-dachnikov-com-p-sansevieriya-tryokhpolosnaya-foto-13.jpg,317
318,gray_conv_1660204255_74-mykaleidoscope-ru-p-sansevieriya-khanni-v-interere-dizain-kras-76.jpg,318
319,gray_conv_47716f3302cba4c0eb77de5c60c66293.jpg,319
320,gray_conv_7b26b666289cf05633a731121356fc83--sansevieria-trifasciata-snake-plant.jpg,320
321,gray_conv_d45cf34d342b7a39eb30d8f0ce44722e.jpg,321
322,gray_conv_sansevieriya-8.jpg,322
323,gray_conv_sansevieriya-isklyuchitelno-vyinoslivoe-rastenie-dlya-ukrasheniya-interera-01.jpg,323
324,gray_d45cf34d342b7a39eb30d8f0ce44722e.jpg,324
325,gray_rot180_1621054115_82-p-sansevieriya-tryokhpolosnaya-foto-99.jpg,325
326,gray_rot180_1637875780_124-pro-dachnikov-com-p-sansevieriya-foto-133.jpg,326
327,gray_rot180_1638095210_13-pro-dachnikov-com-p-sansevieriya-tryokhpolosnaya-foto-13.jpg,327
328,gray_rot180_1660204255_74-mykaleidoscope-ru-p-sansevieriya-khanni-v-interere-dizain-kras-76.jpg,328
329,gray_rot180_47716f3302cba4c0eb77de5c60c66293.jpg,329
330,gray_rot180_7b26b666289cf05633a731121356fc83--sansevieria-trifasciata-snake-plant.jpg,330
331,gray_rot180_d45cf34d342b7a39eb30d8f0ce44722e.jpg,331
332,gray_rot180_sansevieriya-8.jpg,332
333,gray_rot180_sansevieriya-isklyuchitelno-vyinoslivoe-rastenie-dlya-ukrasheniya-interera-01.jpg,333
334,gray_rot90_1621054115_82-p-sansevieriya-tryokhpolosnaya-foto-99.jpg,334
335,gray_rot90_1637875780_124-pro-dachnikov-com-p-sansevieriya-foto-133.jpg,335
336,gray_rot90_1638095210_13-pro-dachnikov-com-p-sansevieriya-tryokhpolosnaya-foto-13.jpg,336
337,gray_rot90_1660204255_74-mykaleidoscope-ru-p-sansevieriya-khanni-v-interere-dizain-kras-76.jpg,337
338,gray_rot90_47716f3302cba4c0eb77de5c60c66293.jpg,338
339,gray_rot90_7b26b666289cf05633a731121356fc83--sansevieria-trifasciata-snake-plant.jpg,339
340,gray_rot90_d45cf34d342b7a39eb30d8f0ce44722e.jpg,340
341,gray_rot90_sansevieriya-8.jpg,341
342,gray_rot90_sansevieriya-isklyuchitelno-vyinoslivoe-rastenie-dlya-ukrasheniya-interera-01.jpg,342
343,gray_sansevieriya-8.jpg,343
344,gray_sansevieriya-isklyuchitelno-vyinoslivoe-rastenie-dlya-ukrasheniya-interera-01.jpg,344
345,height_1621054115_82-p-sansevieriya-tryokhpolosnaya-foto-99.jpg,345
346,height_1637875780_124-pro-dachnikov-com-p-sansevieriya-foto-133.jpg,346
347,height_1638095210_13-pro-dachnikov-com-p-sansevieriya-tryokhpolosnaya-foto-13.jpg,347
348,height_1660204255_74-mykaleidoscope-ru-p-sansevieriya-khanni-v-interere-dizain-kras-76.jpg,348
349,height_47716f3302cba4c0eb77de5c60c66293.jpg,349
350,height_7b26b666289cf05633a731121356fc83--sansevieria-trifasciata-snake-plant.jpg,350
351,height_d45cf34d342b7a39eb30d8f0ce44722e.jpg,351
352,height_gray_1621054115_82-p-sansevieriya-tryokhpolosnaya-foto-99.jpg,352
353,height_gray_1637875780_124-pro-dachnikov-com-p-sansevieriya-foto-133.jpg,353
354,height_gray_1638095210_13-pro-dachnikov-com-p-sansevieriya-tryokhpolosnaya-foto-13.jpg,354
355,height_gray_1660204255_74-mykaleidoscope-ru-p-sansevieriya-khanni-v-interere-dizain-kras-76.jpg,355
356,height_gray_47716f3302cba4c0eb77de5c60c66293.jpg,356
357,height_gray_7b26b666289cf05633a731121356fc83--sansevieria-trifasciata-snake-plant.jpg,357
358,height_gray_d45cf34d342b7a39eb30d8f0ce44722e.jpg,358
359,height_gray_sansevieriya-8.jpg,359
360,height_gray_sansevieriya-isklyuchitelno-vyinoslivoe-rastenie-dlya-ukrasheniya-interera-01.jpg,360
361,height_sansevieriya-8.jpg,361
362,height_sansevieriya-isklyuchitelno-vyinoslivoe-rastenie-dlya-ukrasheniya-interera-01.jpg,362
363,rot180_1621054115_82-p-sansevieriya-tryokhpolosnaya-foto-99.jpg,363
364,rot180_1637875780_124-pro-dachnikov-com-p-sansevieriya-foto-133.jpg,364
365,rot180_1638095210_13-pro-dachnikov-com-p-sansevieriya-tryokhpolosnaya-foto-13.jpg,365
366,rot180_1660204255_74-mykaleidoscope-ru-p-sansevieriya-khanni-v-interere-dizain-kras-76.jpg,366
367,rot180_47716f3302cba4c0eb77de5c60c66293.jpg,367
368,rot180_7b26b666289cf05633a731121356fc83--sansevieria-trifasciata-snake-plant.jpg,368
369,rot180_d45cf34d342b7a39eb30d8f0ce44722e.jpg,369
370,rot180_sansevieriya-8.jpg,370
371,rot180_sansevieriya-isklyuchitelno-vyinoslivoe-rastenie-dlya-ukrasheniya-interera-01.jpg,371
372,rot90_1621054115_82-p-sansevieriya-tryokhpolosnaya-foto-99.jpg,372
373,rot90_1637875780_124-pro-dachnikov-com-p-sansevieriya-foto-133.jpg,373
374,rot90_1638095210_13-pro-dachnikov-com-p-sansevieriya-tryokhpolosnaya-foto-13.jpg,374
375,rot90_1660204255_74-mykaleidoscope-ru-p-sansevieriya-khanni-v-interere-dizain-kras-76.jpg,375
376,rot90_47716f3302cba4c0eb77de5c60c66293.jpg,376
377,rot90_7b26b666289cf05633a731121356fc83--sansevieria-trifasciata-snake-plant.jpg,377
378,rot90_d45cf34d342b7a39eb30d8f0ce44722e.jpg,378
379,rot90_sansevieriya-8.jpg,379
380,rot90_sansevieriya-isklyuchitelno-vyinoslivoe-rastenie-dlya-ukrasheniya-interera-01.jpg,380
381,sansevieriya-8.jpg,381
382,sansevieriya-isklyuchitelno-vyinoslivoe-rastenie-dlya-ukrasheniya-interera-01.jpg,382
383,width_1621054115_82-p-sansevieriya-tryokhpolosnaya-foto-99.jpg,383
384,width_1637875780_124-pro-dachnikov-com-p-sansevieriya-foto-133.jpg,384
385,width_1638095210_13-pro-dachnikov-com-p-sansevieriya-tryokhpolosnaya-foto-13.jpg,385
386,width_1660204255_74-mykaleidoscope-ru-p-sansevieriya-khanni-v-interere-dizain-kras-76.jpg,386
387,width_47716f3302cba4c0eb77de5c60c66293.jpg,387
388,width_7b26b666289cf05633a731121356fc83--sansevieria-trifasciata-snake-plant.jpg,388
389,width_d45cf34d342b7a39eb30d8f0ce44722e.jpg,389
390,width_gray_1621054115_82-p-sansevieriya-tryokhpolosnaya-foto-99.jpg,390
391,width_gray_1637875780_124-pro-dachnikov-com-p-sansevieriya-foto-133.jpg,391
392,width_gray_1638095210_13-pro-dachnikov-com-p-sansevieriya-tryokhpolosnaya-foto-13.jpg,392
393,width_gray_1660204255_74-mykaleidoscope-ru-p-sansevieriya-khanni-v-interere-dizain-kras-76.jpg,393
394,width_gray_47716f3302cba4c0eb77de5c60c66293.jpg,394
395,width_gray_7b26b666289cf05633a731121356fc83--sansevieria-trifasciata-snake-plant.jpg,395
396,width_gray_d45cf34d342b7a39eb30d8f0ce44722e.jpg,396
397,width_gray_sansevieriya-8.jpg,397
398,width_gray_sansevieriya-isklyuchitelno-vyinoslivoe-rastenie-dlya-ukrasheniya-interera-01.jpg,398
399,width_sansevieriya-8.jpg,399
400,width_sansevieriya-isklyuchitelno-vyinoslivoe-rastenie-dlya-ukrasheniya-interera-01.jpg,400
401,wid_rot90_1621054115_82-p-sansevieriya-tryokhpolosnaya-foto-99.jpg,401
402,wid_rot90_1637875780_124-pro-dachnikov-com-p-sansevieriya-foto-133.jpg,402
403,wid_rot90_1638095210_13-pro-dachnikov-com-p-sansevieriya-tryokhpolosnaya-foto-13.jpg,403
404,wid_rot90_1660204255_74-mykaleidoscope-ru-p-sansevieriya-khanni-v-interere-dizain-kras-76.jpg,404
405,wid_rot90_47716f3302cba4c0eb77de5c60c66293.jpg,405
406,wid_rot90_7b26b666289cf05633a731121356fc83--sansevieria-trifasciata-snake-plant.jpg,406
407,wid_rot90_d45cf34d342b7a39eb30d8f0ce44722e.jpg,407
408,wid_rot90_sansevieriya-8.jpg,408
409,wid_rot90_sansevieriya-isklyuchitelno-vyinoslivoe-rastenie-dlya-ukrasheniya-interera-01.jpg,409
410,0UR9OI3Y7MQM.jpg,410
411,4ZXQCP4DBPD4.jpg,411
412,conv_0UR9OI3Y7MQM.jpg,412
413,conv_4ZXQCP4DBPD4.jpg,413
414,gray_0UR9OI3Y7MQM.jpg,414
415,gray_4ZXQCP4DBPD4.jpg,415
416,gray_conv_0UR9OI3Y7MQM.jpg,416
417,gray_conv_4ZXQCP4DBPD4.jpg,417
418,gray_rot180_0UR9OI3Y7MQM.jpg,418
419,gray_rot180_4ZXQCP4DBPD4.jpg,419
420,gray_rot90_0UR9OI3Y7MQM.jpg,420
421,gray_rot90_4ZXQCP4DBPD4.jpg,421
422,height_0UR9OI3Y7MQM.jpg,422
423,height_4ZXQCP4DBPD4.jpg,423
424,height_gray_0UR9OI3Y7MQM.jpg,424
425,height_gray_4ZXQCP4DBPD4.jpg,425
426,IMG_1555-Copy_jpg.rf.1fd617968deff93504dce3b553ca4e45.jpg,426
427,IMG_1555-Copy_jpg.rf.7ef8627d7b3ddf84f93d8de15f9840c0.jpg,427
428,IMG_1555-Copy_jpg.rf.dd72b58597635475f8573ddcad1e8126.jpg,428
429,IMG_1556-Copy_jpg.rf.238dd6163812c70bcaaca8406dbc5c56.jpg,429
430,IMG_1556-Copy_jpg.rf.532ad08edb00895f0dc8661a7f2e5643.jpg,430
431,IMG_1556-Copy_jpg.rf.c8a9ac04f9bbf55dfb815763748e442d.jpg,431
432,IMG_1557-Copy_jpg.rf.41e736a178d487381fd49b3a72c1a6f2.jpg,432
433,IMG_1557-Copy_jpg.rf.4708b21505a38dfad709991ea8a2a937.jpg,433
434,IMG_1557-Copy_jpg.rf.47ab7a898ba541107c6c867a93c092c6.jpg,434
435,IMG_1557-Copy_jpg.rf.4f9d099283d2d01e324a030d63d18cd4.jpg,435
436,IMG_1557-Copy_jpg.rf.901dad70ed258d3dd6217c4cef8ed241.jpg,436
437,IMG_1557-Copy_jpg.rf.d8acd4451f1bc310ef9e63122e7597e3.jpg,437
438,IMG_1558-Copy_jpg.rf.5587d1ca3347e680e264181903bd5a0c.jpg,438
439,IMG_1558-Copy_jpg.rf.6192bd7c32f49ac2c5b529f62143efe6.jpg,439
440,IMG_1558-Copy_jpg.rf.9642ac2452e6e4e2bc1b6be8405be7d4.jpg,440
441,IMG_1558-Copy_jpg.rf.98bf9f10b034af46a1c96d48ae8a5167.jpg,441
442,IMG_1558-Copy_jpg.rf.cbc18db1ef03ee4e5d5ae51eedf51d76.jpg,442
443,IMG_1558-Copy_jpg.rf.da03a14c7e95bfabe371d0cdaf392970.jpg,443
444,IMG_1562-Copy_jpg.rf.4995cc0fff0351b198aefda04afb7e44.jpg,444
445,IMG_1562-Copy_jpg.rf.a13d969fd79d5ff8bc377c2affaf65a6.jpg,445
446,IMG_1562-Copy_jpg.rf.a5eda0344168b539e7e951b91106a035.jpg,446
447,IMG_1563-Copy_jpg.rf.030329dc7fe3a8ada1d754a1dfb8226f.jpg,447
448,IMG_1563-Copy_jpg.rf.3b817adc8c4c10ac9447c6c4e0aba03b.jpg,448
449,IMG_1563-Copy_jpg.rf.75883544c53a76ad6867817c178c6c58.jpg,449
450,IMG_1563-Copy_jpg.rf.958dedd4f76f0627010ca20b6155dc71.jpg,450
451,IMG_1564-Copy_jpg.rf.09a2afa10c7b82b39dbdcd32a3735bfa.jpg,451
452,IMG_1564-Copy_jpg.rf.4765c3996b971f637a166beaf23938d4.jpg,452
453,IMG_1568-Copy_jpg.rf.104c232592134c5aea0a2185d7329776.jpg,453
454,IMG_1568-Copy_jpg.rf.13a728197b3f7c23ca702b73c7feb468.jpg,454
455,IMG_1568-Copy_jpg.rf.18baf1660a41f7ce8fd0c6c2f8a2b61d.jpg,455
456,IMG_1568-Copy_jpg.rf.46d4c6cbff14796e418d52f3ab64fbeb.jpg,456
457,IMG_1568-Copy_jpg.rf.ea1c2dad466bc942e309f548a0427c6c.jpg,457
458,IMG_1568-Copy_jpg.rf.edf88cb8a5037ab8898cb04b732d5e3f.jpg,458
459,IMG_1570-Copy_jpg.rf.913f674658d213ea6d0c994e757a7677.jpg,459
460,IMG_1571-Copy_jpg.rf.24cac1573bc4989d869563169fd26012.jpg,460
461,IMG_1571-Copy_jpg.rf.24f46a0cc726da80768213fcd0fa7008.jpg,461
462,IMG_1571-Copy_jpg.rf.afb6541c910df1e34c95ed243c7e1b44.jpg,462
463,IMG_1571-Copy_jpg.rf.b4124cded5e1ddd5e0b20dbcdd24e9d9.jpg,463
464,IMG_1572-Copy_jpg.rf.3adc1e239c6f93a033ccffc89f3b33f7.jpg,464
465,IMG_1575-Copy_jpg.rf.224a964393c112cb5138a6b6ed8e79f5.jpg,465
466,IMG_1575-Copy_jpg.rf.3c1616180db14b49f5bd9b56ce3c0b91.jpg,466
467,IMG_1575-Copy_jpg.rf.6acedf4b7e1faba024e03521b723d918.jpg,467
468,IMG_1575-Copy_jpg.rf.6c771daf5a46abef6cdb6ce9bf88e685.jpg,468
469,IMG_1575-Copy_jpg.rf.87742627ce93fa200bb0a4396ed34822.jpg,469
470,IMG_1575-Copy_jpg.rf.d7aa7f102659e81f1c851a9b84a42dbb.jpg,470
471,IMG_1579-Copy_jpg.rf.11ccd0f837cc74711f0d9972c82dba2e.jpg,471
472,IMG_1579-Copy_jpg.rf.38580c5475314b2f219ce2f101ee6003.jpg,472
473,IMG_1579-Copy_jpg.rf.4623301fa96cb32bfef9e6c39afd7112.jpg,473
474,IMG_1579-Copy_jpg.rf.7f2209c84063596a46c4475be189cf1d.jpg,474
475,IMG_1579-Copy_jpg.rf.d6070f17ae48d7e37a49700420fe4a1c.jpg,475
476,IMG_1579-Copy_jpg.rf.e1f976dae77a071f37dba625b5cc97ad.jpg,476
477,IMG_1580-Copy_jpg.rf.20436908290f59b9b22ac2a7b6d78517.jpg,477
478,IMG_1580-Copy_jpg.rf.23ecbd58a97c0cde6669560a0d94ff91.jpg,478
479,IMG_1580-Copy_jpg.rf.a0b95ceb8898bc61b43fee617bbbcf24.jpg,479
480,IMG_1580-Copy_jpg.rf.a2ce2a174fc575f69ce892a73260e41b.jpg,480
481,IMG_1580-Copy_jpg.rf.ed42cc356fdb2520e76450b1f56ae939.jpg,481
482,IMG_1582-Copy_jpg.rf.3971b6c4aa715da607057539cf77f5d5.jpg,482
483,IMG_1582-Copy_jpg.rf.4e84666398e8880741e2e441efce6aeb.jpg,483
484,IMG_1582-Copy_jpg.rf.668c02c7600993ed42eaf10f7f5b9000.jpg,484
485,IMG_1582-Copy_jpg.rf.ed1452046009b2f41822effba0313dc3 — копия.jpg,485
486,IMG_1582-Copy_jpg.rf.ed1452046009b2f41822effba0313dc3.jpg,486
487,IMG_1583-Copy_jpg.rf.01092cf0679fa59fcd122d3d55190136 — копия.jpg,487
488,IMG_1583-Copy_jpg.rf.01092cf0679fa59fcd122d3d55190136.jpg,488
489,IMG_1583-Copy_jpg.rf.2458278c7a8e8d27dad8206df78a85c1 — копия.jpg,489
490,IMG_1583-Copy_jpg.rf.2458278c7a8e8d27dad8206df78a85c1.jpg,490
491,IMG_1583-Copy_jpg.rf.54803b8001ef8be878e8a63369ab97b1.jpg,491
492,IMG_1583-Copy_jpg.rf.a3753f40e056205995b56d6ecf7a74ea.jpg,492
493,IMG_1583-Copy_jpg.rf.e019800db83972d4431e393459b7ffb6.jpg,493
494,IMG_1583-Copy_jpg.rf.f27339701e9dcc2a95a3f53f49e75f50.jpg,494
495,IMG_1610_jpg.rf.60fae6e42ff480addf6b14b1cbc5855a.jpg,495
496,IMG_1610_jpg.rf.c832586f2fa09c360c131fecfeac9b34.jpg,496
497,IMG_1611_jpg.rf.1f74e7745b76bef0828a06105d4644ef.jpg,497
498,IMG_1611_jpg.rf.3d7ea4dd5d0206293ea81e4f85a85233.jpg,498
499,IMG_1611_jpg.rf.68526f719b8de187a75b8905e4fb14df.jpg,499
500,IMG_1612_jpg.rf.3227d23e2d43e16038a42d90d1be688a.jpg,500
501,IMG_1612_jpg.rf.42c5a575e556eb08500aa0e03c971d72.jpg,501
502,IMG_1612_jpg.rf.4865cce394c12d46b5f6b4e1f9679974.jpg,502
503,IMG_1613_jpg.rf.3f760e5c21632373a6f180a4740c2339.jpg,503
504,IMG_1613_jpg.rf.c31cbbdd2a5b720ed50f8b1352ee88d2.jpg,504
505,IMG_1613_jpg.rf.ce9724c19b54020139cb5c07acbb5c5d.jpg,505
506,IMG_1614_jpg.rf.650ab7afcebbc3465d7c88066e922725.jpg,506
507,IMG_1615_jpg.rf.3de7aa6c82c9ce2bde0b4563913fe5bb.jpg,507
508,IMG_1615_jpg.rf.6c0bd00de7ba17db2ceada043c2c146c.jpg,508
509,IMG_1615_jpg.rf.99233480439334a77768b35538ce10fa.jpg,509
510,IMG_1616_jpg.rf.1ce2f26001a156c39ff03ea6789303d2.jpg,510
511,IMG_1616_jpg.rf.241d563b19d08c619a424c2327dc0920.jpg,511
512,IMG_1616_jpg.rf.c7160c6326ac44319d4fd8641cead02f.jpg,512
513,IMG_1617_jpg.rf.41934733c7c3b49d8d7283107c0efbb1.jpg,513
514,IMG_1617_jpg.rf.6a65c6d540a4110398145c5b6bb3f250.jpg,514
515,IMG_1617_jpg.rf.99be9d8a8dddca20be052fd3bb08024d.jpg,515
516,IMG_1618_jpg.rf.7374a0b30c693518b2996cafbb23085f.jpg,516
517,IMG_1618_jpg.rf.8294993a60dc1eb39efce4eee675ddd3.jpg,517
518,IMG_1618_jpg.rf.8b20c5b34869cbbe9dee40abfef386bb.jpg,518
519,IMG_1619_jpg.rf.2fcaba061629dec4efcde4d0f7793419.jpg,519
520,IMG_1619_jpg.rf.90ba017d2c3a72ea11f557a78bdeb497.jpg,520
521,IMG_1619_jpg.rf.96f5f7f612f7a772313565af4b833c22.jpg,521
522,IMG_1620_jpg.rf.6c7199eaae94bde4082e5570ee047b5a.jpg,522
523,IMG_1620_jpg.rf.9ae1925aa41f878adf48fae7099d908c.jpg,523
524,IMG_1620_jpg.rf.c919471e5e2f7f35740dbec3769b3784.jpg,524
525,IMG_1621_jpg.rf.793e202e6fee23bf669ce80e5a8aab40.jpg,525
526,IMG_1621_jpg.rf.f0efbe6c2b720791d3fc34946de8f127.jpg,526
527,IMG_1622_jpg.rf.470acf3ddbcf1b5caa640b61920e1982.jpg,527
528,IMG_1622_jpg.rf.5e4f5aa655bb5e768908a3bb69d40cde.jpg,528
529,IMG_1622_jpg.rf.ec51cf0afdb387f613298e86a2281d5d.jpg,529
530,IMG_1624_jpg.rf.c83d480e1cfb3345947f21e08b9d3f0d.jpg,530
531,IMG_1624_jpg.rf.d0f8fa6c3af9201f87c0481fcf80aadd.jpg,531
532,IMG_1624_jpg.rf.f1f9df9da0c0479e71317bd23547666f.jpg,532
533,IMG_1627_jpg.rf.0e03a990e983107a7bd4157bc20b1dd5.jpg,533
534,IMG_1627_jpg.rf.30c0d5bf3b33af94c5310c0836a79f82.jpg,534
535,IMG_1627_jpg.rf.41048fce122b45040727117b3c9ef222.jpg,535
536,IMG_1629_jpg.rf.39e3045d6e563573db2af459e7d4738e.jpg,536
537,IMG_1629_jpg.rf.4e6e9104a116ee15c331ae17f54736df.jpg,537
538,IMG_1631_jpg.rf.2c85142f0cb2ef7355333380f505fd72.jpg,538
539,IMG_1632_jpg.rf.08316134ebc0323bbb3dcfca22e49384.jpg,539
540,IMG_1633_jpg.rf.205682d43b1c2524fad09a3abb076497.jpg,540
541,IMG_1633_jpg.rf.312c890b08669a992a8b8da3e661114a.jpg,541
542,IMG_1634_jpg.rf.61ddcdc8ed1595ad80476af52b870cbb.jpg,542
543,IMG_1634_jpg.rf.d6f0e89f07449108ae565992e1b97de8.jpg,543
544,IMG_1635_jpg.rf.bfeaebd61f2de62bd2a544054b42487b.jpg,544
545,IMG_1635_jpg.rf.c3ff04284f2294532e96f5a62db3f9e2.jpg,545
546,IMG_1636_jpg.rf.280606e9480419d3127b257236b25820.jpg,546
547,IMG_1636_jpg.rf.cfb7372e6d6c8b51d528fd7aa0a9251a.jpg,547
548,IMG_1637_jpg.rf.357d7e26b99398fd20af8ab663132b09.jpg,548
549,IMG_1637_jpg.rf.4c4dea35397242d07fb9a9a5aaacb3c5.jpg,549
550,IMG_1637_jpg.rf.8a1101f5c05875f287a97c59f38438ef.jpg,550
551,IMG_1638_jpg.rf.042b5851905ae55a0ba1aad896491f28.jpg,551
552,IMG_1638_jpg.rf.7d0bc6150d5985e25efe7bb68aee0559.jpg,552
553,IMG_1638_jpg.rf.c9a4574122a414583a33de1f12f471ab.jpg,553
554,rot1800UR9OI3Y7MQM.jpg,554
555,rot1804ZXQCP4DBPD4.jpg,555
556,rot900UR9OI3Y7MQM.jpg,556
557,rot904ZXQCP4DBPD4.jpg,557
558,width_0UR9OI3Y7MQM.jpg,558
559,width_4ZXQCP4DBPD4.jpg,559
560,width_gray_0UR9OI3Y7MQM.jpg,560
561,width_gray_4ZXQCP4DBPD4.jpg,561
562,wid_rot90_0UR9OI3Y7MQM.jpg,562
563,wid_rot90_4ZXQCP4DBPD4.jpg,563
564,1.jpg,564
565,1650645616_77-vsegda-pomnim-com-p-zamiokulkas-nachalo-tsveteniya-foto-79.jpg,565
566,1700610941_binomen-ru-p-zamiokulkas-short-liv-instagram-19 (1).jpg,566
567,1704720613_vsegda-pomnim-com-p-zamiokulkas-tsvetenie-foto-51.jpg,567
568,6452e613b2216a213f0ce0592b811adf.jpg,568
569,b3c622431129fd50bc9369a301fa5831.jpg,569
570,conv_1.jpg,570
571,conv_1650645616_77-vsegda-pomnim-com-p-zamiokulkas-nachalo-tsveteniya-foto-79.jpg,571
572,conv_1700610941_binomen-ru-p-zamiokulkas-short-liv-instagram-19 (1).jpg,572
573,conv_1704720613_vsegda-pomnim-com-p-zamiokulkas-tsvetenie-foto-51.jpg,573
574,conv_6452e613b2216a213f0ce0592b811adf.jpg,574
575,conv_b3c622431129fd50bc9369a301fa5831.jpg,575
576,conv_Zenzi-miniaturowy-zamiokulkas-zamiolistny.jpg,576
577,gray_1.jpg,577
578,gray_1650645616_77-vsegda-pomnim-com-p-zamiokulkas-nachalo-tsveteniya-foto-79.jpg,578
579,gray_1700610941_binomen-ru-p-zamiokulkas-short-liv-instagram-19 (1).jpg,579
580,gray_1704720613_vsegda-pomnim-com-p-zamiokulkas-tsvetenie-foto-51.jpg,580
581,gray_6452e613b2216a213f0ce0592b811adf.jpg,581
582,gray_b3c622431129fd50bc9369a301fa5831.jpg,582
583,gray_conv_1.jpg,583
584,gray_conv_1650645616_77-vsegda-pomnim-com-p-zamiokulkas-nachalo-tsveteniya-foto-79.jpg,584
585,gray_conv_1700610941_binomen-ru-p-zamiokulkas-short-liv-instagram-19 (1).jpg,585
586,gray_conv_1704720613_vsegda-pomnim-com-p-zamiokulkas-tsvetenie-foto-51.jpg,586
587,gray_conv_6452e613b2216a213f0ce0592b811adf.jpg,587
588,gray_conv_b3c622431129fd50bc9369a301fa5831.jpg,588
589,gray_conv_Zenzi-miniaturowy-zamiokulkas-zamiolistny.jpg,589
590,gray_rot180_1.jpg,590
591,gray_rot180_1650645616_77-vsegda-pomnim-com-p-zamiokulkas-nachalo-tsveteniya-foto-79.jpg,591
592,gray_rot180_1700610941_binomen-ru-p-zamiokulkas-short-liv-instagram-19 (1).jpg,592
593,gray_rot180_1704720613_vsegda-pomnim-com-p-zamiokulkas-tsvetenie-foto-51.jpg,593
594,gray_rot180_6452e613b2216a213f0ce0592b811adf.jpg,594
595,gray_rot180_b3c622431129fd50bc9369a301fa5831.jpg,595
596,gray_rot180_Zenzi-miniaturowy-zamiokulkas-zamiolistny.jpg,596
597,gray_rot90_1.jpg,597
598,gray_rot90_1650645616_77-vsegda-pomnim-com-p-zamiokulkas-nachalo-tsveteniya-foto-79.jpg,598
599,gray_rot90_1700610941_binomen-ru-p-zamiokulkas-short-liv-instagram-19 (1).jpg,599
600,gray_rot90_1704720613_vsegda-pomnim-com-p-zamiokulkas-tsvetenie-foto-51.jpg,600
601,gray_rot90_6452e613b2216a213f0ce0592b811adf.jpg,601
602,gray_rot90_b3c622431129fd50bc9369a301fa5831.jpg,602
603,gray_rot90_Zenzi-miniaturowy-zamiokulkas-zamiolistny.jpg,603
604,gray_Zenzi-miniaturowy-zamiokulkas-zamiolistny.jpg,604
605,height_1.jpg,605
606,height_1650645616_77-vsegda-pomnim-com-p-zamiokulkas-nachalo-tsveteniya-foto-79.jpg,606
607,height_1700610941_binomen-ru-p-zamiokulkas-short-liv-instagram-19 (1).jpg,607
608,height_1704720613_vsegda-pomnim-com-p-zamiokulkas-tsvetenie-foto-51.jpg,608
609,height_6452e613b2216a213f0ce0592b811adf.jpg,609
610,height_b3c622431129fd50bc9369a301fa5831.jpg,610
611,height_gray_1.jpg,611
612,height_gray_1650645616_77-vsegda-pomnim-com-p-zamiokulkas-nachalo-tsveteniya-foto-79.jpg,612
613,height_gray_1700610941_binomen-ru-p-zamiokulkas-short-liv-instagram-19 (1).jpg,613
614,height_gray_1704720613_vsegda-pomnim-com-p-zamiokulkas-tsvetenie-foto-51.jpg,614
615,height_gray_6452e613b2216a213f0ce0592b811adf.jpg,615
616,height_gray_b3c622431129fd50bc9369a301fa5831.jpg,616
617,height_gray_Zenzi-miniaturowy-zamiokulkas-zamiolistny.jpg,617
618,height_Zenzi-miniaturowy-zamiokulkas-zamiolistny.jpg,618
619,rot1801.jpg,619
620,rot1801650645616_77-vsegda-pomnim-com-p-zamiokulkas-nachalo-tsveteniya-foto-79.jpg,620
621,rot1801700610941_binomen-ru-p-zamiokulkas-short-liv-instagram-19 (1).jpg,621
622,rot1801704720613_vsegda-pomnim-com-p-zamiokulkas-tsvetenie-foto-51.jpg,622
623,rot1806452e613b2216a213f0ce0592b811adf.jpg,623
624,rot180b3c622431129fd50bc9369a301fa5831.jpg,624
625,rot180Zenzi-miniaturowy-zamiokulkas-zamiolistny.jpg,625
626,rot901.jpg,626
627,rot901650645616_77-vsegda-pomnim-com-p-zamiokulkas-nachalo-tsveteniya-foto-79.jpg,627
628,rot901700610941_binomen-ru-p-zamiokulkas-short-liv-instagram-19 (1).jpg,628
629,rot901704720613_vsegda-pomnim-com-p-zamiokulkas-tsvetenie-foto-51.jpg,629
630,rot906452e613b2216a213f0ce0592b811adf.jpg,630
631,rot90b3c622431129fd50bc9369a301fa5831.jpg,631
632,rot90Zenzi-miniaturowy-zamiokulkas-zamiolistny.jpg,632
633,width_1.jpg,633
634,width_1650645616_77-vsegda-pomnim-com-p-zamiokulkas-nachalo-tsveteniya-foto-79.jpg,634
635,width_1700610941_binomen-ru-p-zamiokulkas-short-liv-instagram-19 (1).jpg,635
636,width_1704720613_vsegda-pomnim-com-p-zamiokulkas-tsvetenie-foto-51.jpg,636
637,width_6452e613b2216a213f0ce0592b811adf.jpg,637
638,width_b3c622431129fd50bc9369a301fa5831.jpg,638
639,width_gray_1.jpg,639
640,width_gray_1650645616_77-vsegda-pomnim-com-p-zamiokulkas-nachalo-tsveteniya-foto-79.jpg,640
641,width_gray_1700610941_binomen-ru-p-zamiokulkas-short-liv-instagram-19 (1).jpg,641
642,width_gray_1704720613_vsegda-pomnim-com-p-zamiokulkas-tsvetenie-foto-51.jpg,642
643,width_gray_6452e613b2216a213f0ce0592b811adf.jpg,643
644,width_gray_b3c622431129fd50bc9369a301fa5831.jpg,644
645,width_gray_Zenzi-miniaturowy-zamiokulkas-zamiolistny.jpg,645
646,width_Zenzi-miniaturowy-zamiokulkas-zamiolistny.jpg,646
647,wid_rot90_1.jpg,647
648,wid_rot90_1650645616_77-vsegda-pomnim-com-p-zamiokulkas-nachalo-tsveteniya-foto-79.jpg,648
649,wid_rot90_1700610941_binomen-ru-p-zamiokulkas-short-liv-instagram-19 (1).jpg,649
650,wid_rot90_1704720613_vsegda-pomnim-com-p-zamiokulkas-tsvetenie-foto-51.jpg,650
651,wid_rot90_6452e613b2216a213f0ce0592b811adf.jpg,651
652,wid_rot90_b3c622431129fd50bc9369a301fa5831.jpg,652
653,wid_rot90_Zenzi-miniaturowy-zamiokulkas-zamiolistny.jpg,653
654,Zenzi-miniaturowy-zamiokulkas-zamiolistny.jpg,654
655,1620963863_32-p-aglaonema-foto-37.jpg,655
656,1637866082_131-pro-dachnikov-com-p-aglaonema-foto-144.jpg,656
657,1675738372_balthazar-club-p-tsveti-aglaonema-vkontakte-85.jpg,657
658,1686329924_klau-club-p-aglaonema-peremenchivaya-krasivo-48.jpg,658
659,1d6fb154d59bb48072c3b3f4379f5e58-d5c851386dd9fddd9045113f22997d4a.jpg,659
660,aglaonema-opisanie-uhod-v-domashnih-usloviyah-i-razmnozhenie.jpg,660
661,aglaonema-silver-bay-scaled.jpg,661
662,Aglaonema-vidy-foto-i-nazvanija.jpg,662
663,Aglaonema.jpg,663
664,conv_1620963863_32-p-aglaonema-foto-37.jpg,664
665,conv_1637866082_131-pro-dachnikov-com-p-aglaonema-foto-144.jpg,665
666,conv_1675738372_balthazar-club-p-tsveti-aglaonema-vkontakte-85.jpg,666
667,conv_1686329924_klau-club-p-aglaonema-peremenchivaya-krasivo-48.jpg,667
668,conv_1d6fb154d59bb48072c3b3f4379f5e58-d5c851386dd9fddd9045113f22997d4a.jpg,668
669,conv_aglaonema-opisanie-uhod-v-domashnih-usloviyah-i-razmnozhenie.jpg,669
670,conv_aglaonema-silver-bay-scaled.jpg,670
671,conv_Aglaonema-vidy-foto-i-nazvanija.jpg,671
672,conv_Aglaonema.jpg,672
673,conv_dscf9040-1.jpg,673
674,dscf9040-1.jpg,674
675,gray_1620963863_32-p-aglaonema-foto-37.jpg,675
676,gray_1637866082_131-pro-dachnikov-com-p-aglaonema-foto-144.jpg,676
677,gray_1675738372_balthazar-club-p-tsveti-aglaonema-vkontakte-85.jpg,677
678,gray_1686329924_klau-club-p-aglaonema-peremenchivaya-krasivo-48.jpg,678
679,gray_1d6fb154d59bb48072c3b3f4379f5e58-d5c851386dd9fddd9045113f22997d4a.jpg,679
680,gray_aglaonema-opisanie-uhod-v-domashnih-usloviyah-i-razmnozhenie.jpg,680
681,gray_aglaonema-silver-bay-scaled.jpg,681
682,gray_Aglaonema-vidy-foto-i-nazvanija.jpg,682
683,gray_Aglaonema.jpg,683
684,gray_conv_1620963863_32-p-aglaonema-foto-37.jpg,684
685,gray_conv_1637866082_131-pro-dachnikov-com-p-aglaonema-foto-144.jpg,685
686,gray_conv_1675738372_balthazar-club-p-tsveti-aglaonema-vkontakte-85.jpg,686
687,gray_conv_1686329924_klau-club-p-aglaonema-peremenchivaya-krasivo-48.jpg,687
688,gray_conv_1d6fb154d59bb48072c3b3f4379f5e58-d5c851386dd9fddd9045113f22997d4a.jpg,688
689,gray_conv_aglaonema-opisanie-uhod-v-domashnih-usloviyah-i-razmnozhenie.jpg,689
690,gray_conv_aglaonema-silver-bay-scaled.jpg,690
691,gray_conv_Aglaonema-vidy-foto-i-nazvanija.jpg,691
692,gray_conv_Aglaonema.jpg,692
693,gray_conv_dscf9040-1.jpg,693
694,gray_dscf9040-1.jpg,694
695,gray_rot180_1620963863_32-p-aglaonema-foto-37.jpg,695
696,gray_rot180_1637866082_131-pro-dachnikov-com-p-aglaonema-foto-144.jpg,696
697,gray_rot180_1675738372_balthazar-club-p-tsveti-aglaonema-vkontakte-85.jpg,697
698,gray_rot180_1686329924_klau-club-p-aglaonema-peremenchivaya-krasivo-48.jpg,698
699,gray_rot180_1d6fb154d59bb48072c3b3f4379f5e58-d5c851386dd9fddd9045113f22997d4a.jpg,699
700,gray_rot180_aglaonema-opisanie-uhod-v-domashnih-usloviyah-i-razmnozhenie.jpg,700
701,gray_rot180_aglaonema-silver-bay-scaled.jpg,701
702,gray_rot180_Aglaonema-vidy-foto-i-nazvanija.jpg,702
703,gray_rot180_Aglaonema.jpg,703
704,gray_rot180_dscf9040-1.jpg,704
705,gray_rot90_1620963863_32-p-aglaonema-foto-37.jpg,705
706,gray_rot90_1637866082_131-pro-dachnikov-com-p-aglaonema-foto-144.jpg,706
707,gray_rot90_1675738372_balthazar-club-p-tsveti-aglaonema-vkontakte-85.jpg,707
708,gray_rot90_1686329924_klau-club-p-aglaonema-peremenchivaya-krasivo-48.jpg,708
709,gray_rot90_1d6fb154d59bb48072c3b3f4379f5e58-d5c851386dd9fddd9045113f22997d4a.jpg,709
710,gray_rot90_aglaonema-opisanie-uhod-v-domashnih-usloviyah-i-razmnozhenie.jpg,710
711,gray_rot90_aglaonema-silver-bay-scaled.jpg,711
712,gray_rot90_Aglaonema-vidy-foto-i-nazvanija.jpg,712
713,gray_rot90_Aglaonema.jpg,713
714,gray_rot90_dscf9040-1.jpg,714
715,height_1620963863_32-p-aglaonema-foto-37.jpg,715
716,height_1637866082_131-pro-dachnikov-com-p-aglaonema-foto-144.jpg,716
717,height_1675738372_balthazar-club-p-tsveti-aglaonema-vkontakte-85.jpg,717
718,height_1686329924_klau-club-p-aglaonema-peremenchivaya-krasivo-48.jpg,718
719,height_1d6fb154d59bb48072c3b3f4379f5e58-d5c851386dd9fddd9045113f22997d4a.jpg,719
720,height_aglaonema-opisanie-uhod-v-domashnih-usloviyah-i-razmnozhenie.jpg,720
721,height_aglaonema-silver-bay-scaled.jpg,721
722,height_Aglaonema-vidy-foto-i-nazvanija.jpg,722
723,height_Aglaonema.jpg,723
724,height_dscf9040-1.jpg,724
725,height_gray_1620963863_32-p-aglaonema-foto-37.jpg,725
726,height_gray_1637866082_131-pro-dachnikov-com-p-aglaonema-foto-144.jpg,726
727,height_gray_1675738372_balthazar-club-p-tsveti-aglaonema-vkontakte-85.jpg,727
728,height_gray_1686329924_klau-club-p-aglaonema-peremenchivaya-krasivo-48.jpg,728
729,height_gray_1d6fb154d59bb48072c3b3f4379f5e58-d5c851386dd9fddd9045113f22997d4a.jpg,729
730,height_gray_aglaonema-opisanie-uhod-v-domashnih-usloviyah-i-razmnozhenie.jpg,730
731,height_gray_aglaonema-silver-bay-scaled.jpg,731
732,height_gray_Aglaonema-vidy-foto-i-nazvanija.jpg,732
733,height_gray_Aglaonema.jpg,733
734,height_gray_dscf9040-1.jpg,734
735,rot180_1620963863_32-p-aglaonema-foto-37.jpg,735
736,rot180_1637866082_131-pro-dachnikov-com-p-aglaonema-foto-144.jpg,736
737,rot180_1675738372_balthazar-club-p-tsveti-aglaonema-vkontakte-85.jpg,737
738,rot180_1686329924_klau-club-p-aglaonema-peremenchivaya-krasivo-48.jpg,738
739,rot180_1d6fb154d59bb48072c3b3f4379f5e58-d5c851386dd9fddd9045113f22997d4a.jpg,739
740,rot180_aglaonema-opisanie-uhod-v-domashnih-usloviyah-i-razmnozhenie.jpg,740
741,rot180_aglaonema-silver-bay-scaled.jpg,741
742,rot180_Aglaonema-vidy-foto-i-nazvanija.jpg,742
743,rot180_Aglaonema.jpg,743
744,rot180_dscf9040-1.jpg,744
745,rot90_1620963863_32-p-aglaonema-foto-37.jpg,745
746,rot90_1637866082_131-pro-dachnikov-com-p-aglaonema-foto-144.jpg,746
747,rot90_1675738372_balthazar-club-p-tsveti-aglaonema-vkontakte-85.jpg,747
748,rot90_1686329924_klau-club-p-aglaonema-peremenchivaya-krasivo-48.jpg,748
749,rot90_1d6fb154d59bb48072c3b3f4379f5e58-d5c851386dd9fddd9045113f22997d4a.jpg,749
750,rot90_aglaonema-opisanie-uhod-v-domashnih-usloviyah-i-razmnozhenie.jpg,750
751,rot90_aglaonema-silver-bay-scaled.jpg,751
752,rot90_Aglaonema-vidy-foto-i-nazvanija.jpg,752
753,rot90_Aglaonema.jpg,753
754,rot90_dscf9040-1.jpg,754
755,width_1620963863_32-p-aglaonema-foto-37.jpg,755
756,width_1637866082_131-pro-dachnikov-com-p-aglaonema-foto-144.jpg,756
757,width_1675738372_balthazar-club-p-tsveti-aglaonema-vkontakte-85.jpg,757
758,width_1686329924_klau-club-p-aglaonema-peremenchivaya-krasivo-48.jpg,758
759,width_1d6fb154d59bb48072c3b3f4379f5e58-d5c851386dd9fddd9045113f22997d4a.jpg,759
760,width_aglaonema-opisanie-uhod-v-domashnih-usloviyah-i-razmnozhenie.jpg,760
761,width_aglaonema-silver-bay-scaled.jpg,761
762,width_Aglaonema-vidy-foto-i-nazvanija.jpg,762
763,width_Aglaonema.jpg,763
764,width_dscf9040-1.jpg,764
765,width_gray_1620963863_32-p-aglaonema-foto-37.jpg,765
766,width_gray_1637866082_131-pro-dachnikov-com-p-aglaonema-foto-144.jpg,766
767,width_gray_1675738372_balthazar-club-p-tsveti-aglaonema-vkontakte-85.jpg,767
768,width_gray_1686329924_klau-club-p-aglaonema-peremenchivaya-krasivo-48.jpg,768
769,width_gray_1d6fb154d59bb48072c3b3f4379f5e58-d5c851386dd9fddd9045113f22997d4a.jpg,769
770,width_gray_aglaonema-opisanie-uhod-v-domashnih-usloviyah-i-razmnozhenie.jpg,770
771,width_gray_aglaonema-silver-bay-scaled.jpg,771
772,width_gray_Aglaonema-vidy-foto-i-nazvanija.jpg,772
773,width_gray_Aglaonema.jpg,773
774,width_gray_dscf9040-1.jpg,774
775,wid_rot90_1620963863_32-p-aglaonema-foto-37.jpg,775
776,wid_rot90_1637866082_131-pro-dachnikov-com-p-aglaonema-foto-144.jpg,776
777,wid_rot90_1675738372_balthazar-club-p-tsveti-aglaonema-vkontakte-85.jpg,777
778,wid_rot90_1686329924_klau-club-p-aglaonema-peremenchivaya-krasivo-48.jpg,778
779,wid_rot90_1d6fb154d59bb48072c3b3f4379f5e58-d5c851386dd9fddd9045113f22997d4a.jpg,779
780,wid_rot90_aglaonema-opisanie-uhod-v-domashnih-usloviyah-i-razmnozhenie.jpg,780
781,wid_rot90_aglaonema-silver-bay-scaled.jpg,781
782,wid_rot90_Aglaonema-vidy-foto-i-nazvanija.jpg,782
783,wid_rot90_Aglaonema.jpg,783
784,wid_rot90_dscf9040-1.jpg,784
785,1614962327167866843.jpg,785
786,1633486487_23-p-domashnie-tsveti-kalankhoe-foto-24.jpg,786
787,1650660037_55-vsegda-pomnim-com-p-tsvetenie-kalankhoe-v-domashnikh-usloviyak-57.jpg,787
788,1663395697_41-mykaleidoscope-ru-p-kalankhoe-v-sadu-instagram-42.jpg,788
789,1707226472_binomen-ru-p-kalankhoe-tsvetok-vkontakte-5.jpg,789
790,203059-1395608289-25008e044edba3697748af6ca01f6426.jpg,790
791,502.jpg,791
792,conv_1614962327167866843.jpg,792
793,conv_1633486487_23-p-domashnie-tsveti-kalankhoe-foto-24.jpg,793
794,conv_1650660037_55-vsegda-pomnim-com-p-tsvetenie-kalankhoe-v-domashnikh-usloviyak-57.jpg,794
795,conv_1663395697_41-mykaleidoscope-ru-p-kalankhoe-v-sadu-instagram-42.jpg,795
796,conv_1707226472_binomen-ru-p-kalankhoe-tsvetok-vkontakte-5.jpg,796
797,conv_203059-1395608289-25008e044edba3697748af6ca01f6426.jpg,797
798,conv_502.jpg,798
799,conv_kalanhoe-sorta-i-vidi-3.jpg,799
800,conv_Kalankhoe1.jpg,800
801,gray_1614962327167866843.jpg,801
802,gray_1633486487_23-p-domashnie-tsveti-kalankhoe-foto-24.jpg,802
803,gray_1650660037_55-vsegda-pomnim-com-p-tsvetenie-kalankhoe-v-domashnikh-usloviyak-57.jpg,803
804,gray_1663395697_41-mykaleidoscope-ru-p-kalankhoe-v-sadu-instagram-42.jpg,804
805,gray_1707226472_binomen-ru-p-kalankhoe-tsvetok-vkontakte-5.jpg,805
806,gray_203059-1395608289-25008e044edba3697748af6ca01f6426.jpg,806
807,gray_502.jpg,807
808,gray_conv_1614962327167866843.jpg,808
809,gray_conv_1633486487_23-p-domashnie-tsveti-kalankhoe-foto-24.jpg,809
810,gray_conv_1650660037_55-vsegda-pomnim-com-p-tsvetenie-kalankhoe-v-domashnikh-usloviyak-57.jpg,810
811,gray_conv_1663395697_41-mykaleidoscope-ru-p-kalankhoe-v-sadu-instagram-42.jpg,811
812,gray_conv_1707226472_binomen-ru-p-kalankhoe-tsvetok-vkontakte-5.jpg,812
813,gray_conv_203059-1395608289-25008e044edba3697748af6ca01f6426.jpg,813
814,gray_conv_502.jpg,814
815,gray_conv_kalanhoe-sorta-i-vidi-3.jpg,815
816,gray_conv_Kalankhoe1.jpg,816
817,gray_kalanhoe-sorta-i-vidi-3.jpg,817
818,gray_Kalankhoe1.jpg,818
819,gray_rot180_1614962327167866843.jpg,819
820,gray_rot180_1633486487_23-p-domashnie-tsveti-kalankhoe-foto-24.jpg,820
821,gray_rot180_1650660037_55-vsegda-pomnim-com-p-tsvetenie-kalankhoe-v-domashnikh-usloviyak-57.jpg,821
822,gray_rot180_1663395697_41-mykaleidoscope-ru-p-kalankhoe-v-sadu-instagram-42.jpg,822
823,gray_rot180_1707226472_binomen-ru-p-kalankhoe-tsvetok-vkontakte-5.jpg,823
824,gray_rot180_203059-1395608289-25008e044edba3697748af6ca01f6426.jpg,824
825,gray_rot180_502.jpg,825
826,gray_rot180_kalanhoe-sorta-i-vidi-3.jpg,826
827,gray_rot180_Kalankhoe1.jpg,827
828,gray_rot90_1614962327167866843.jpg,828
829,gray_rot90_1633486487_23-p-domashnie-tsveti-kalankhoe-foto-24.jpg,829
830,gray_rot90_1650660037_55-vsegda-pomnim-com-p-tsvetenie-kalankhoe-v-domashnikh-usloviyak-57.jpg,830
831,gray_rot90_1663395697_41-mykaleidoscope-ru-p-kalankhoe-v-sadu-instagram-42.jpg,831
832,gray_rot90_1707226472_binomen-ru-p-kalankhoe-tsvetok-vkontakte-5.jpg,832
833,gray_rot90_203059-1395608289-25008e044edba3697748af6ca01f6426.jpg,833
834,gray_rot90_502.jpg,834
835,gray_rot90_kalanhoe-sorta-i-vidi-3.jpg,835
836,gray_rot90_Kalankhoe1.jpg,836
837,height_1614962327167866843.jpg,837
838,height_1633486487_23-p-domashnie-tsveti-kalankhoe-foto-24.jpg,838
839,height_1650660037_55-vsegda-pomnim-com-p-tsvetenie-kalankhoe-v-domashnikh-usloviyak-57.jpg,839
840,height_1663395697_41-mykaleidoscope-ru-p-kalankhoe-v-sadu-instagram-42.jpg,840
841,height_1707226472_binomen-ru-p-kalankhoe-tsvetok-vkontakte-5.jpg,841
842,height_203059-1395608289-25008e044edba3697748af6ca01f6426.jpg,842
843,height_502.jpg,843
844,height_gray_1614962327167866843.jpg,844
845,height_gray_1633486487_23-p-domashnie-tsveti-kalankhoe-foto-24.jpg,845
846,height_gray_1650660037_55-vsegda-pomnim-com-p-tsvetenie-kalankhoe-v-domashnikh-usloviyak-57.jpg,846
847,height_gray_1663395697_41-mykaleidoscope-ru-p-kalankhoe-v-sadu-instagram-42.jpg,847
848,height_gray_1707226472_binomen-ru-p-kalankhoe-tsvetok-vkontakte-5.jpg,848
849,height_gray_203059-1395608289-25008e044edba3697748af6ca01f6426.jpg,849
850,height_gray_502.jpg,850
851,height_gray_kalanhoe-sorta-i-vidi-3.jpg,851
852,height_gray_Kalankhoe1.jpg,852
853,height_kalanhoe-sorta-i-vidi-3.jpg,853
854,height_Kalankhoe1.jpg,854
855,kalanhoe-sorta-i-vidi-3.jpg,855
856,Kalankhoe1.jpg,856
857,rot180_1614962327167866843.jpg,857
858,rot180_1633486487_23-p-domashnie-tsveti-kalankhoe-foto-24.jpg,858
859,rot180_1650660037_55-vsegda-pomnim-com-p-tsvetenie-kalankhoe-v-domashnikh-usloviyak-57.jpg,859
860,rot180_1663395697_41-mykaleidoscope-ru-p-kalankhoe-v-sadu-instagram-42.jpg,860
861,rot180_1707226472_binomen-ru-p-kalankhoe-tsvetok-vkontakte-5.jpg,861
862,rot180_203059-1395608289-25008e044edba3697748af6ca01f6426.jpg,862
863,rot180_502.jpg,863
864,rot180_kalanhoe-sorta-i-vidi-3.jpg,864
865,rot180_Kalankhoe1.jpg,865
866,rot90_1614962327167866843.jpg,866
867,rot90_1633486487_23-p-domashnie-tsveti-kalankhoe-foto-24.jpg,867
868,rot90_1650660037_55-vsegda-pomnim-com-p-tsvetenie-kalankhoe-v-domashnikh-usloviyak-57.jpg,868
869,rot90_1663395697_41-mykaleidoscope-ru-p-kalankhoe-v-sadu-instagram-42.jpg,869
870,rot90_1707226472_binomen-ru-p-kalankhoe-tsvetok-vkontakte-5.jpg,870
871,rot90_203059-1395608289-25008e044edba3697748af6ca01f6426.jpg,871
872,rot90_502.jpg,872
873,rot90_kalanhoe-sorta-i-vidi-3.jpg,873
874,rot90_Kalankhoe1.jpg,874
875,width_1614962327167866843.jpg,875
876,width_1633486487_23-p-domashnie-tsveti-kalankhoe-foto-24.jpg,876
877,width_1650660037_55-vsegda-pomnim-com-p-tsvetenie-kalankhoe-v-domashnikh-usloviyak-57.jpg,877
878,width_1663395697_41-mykaleidoscope-ru-p-kalankhoe-v-sadu-instagram-42.jpg,878
879,width_1707226472_binomen-ru-p-kalankhoe-tsvetok-vkontakte-5.jpg,879
880,width_203059-1395608289-25008e044edba3697748af6ca01f6426.jpg,880
881,width_502.jpg,881
882,width_gray_1614962327167866843.jpg,882
883,width_gray_1633486487_23-p-domashnie-tsveti-kalankhoe-foto-24.jpg,883
884,width_gray_1650660037_55-vsegda-pomnim-com-p-tsvetenie-kalankhoe-v-domashnikh-usloviyak-57.jpg,884
885,width_gray_1663395697_41-mykaleidoscope-ru-p-kalankhoe-v-sadu-instagram-42.jpg,885
886,width_gray_1707226472_binomen-ru-p-kalankhoe-tsvetok-vkontakte-5.jpg,886
887,width_gray_203059-1395608289-25008e044edba3697748af6ca01f6426.jpg,887
888,width_gray_502.jpg,888
889,width_gray_kalanhoe-sorta-i-vidi-3.jpg,889
890,width_gray_Kalankhoe1.jpg,890
891,width_kalanhoe-sorta-i-vidi-3.jpg,891
892,width_Kalankhoe1.jpg,892
893,wid_rot90_1614962327167866843.jpg,893
894,wid_rot90_1633486487_23-p-domashnie-tsveti-kalankhoe-foto-24.jpg,894
895,wid_rot90_1650660037_55-vsegda-pomnim-com-p-tsvetenie-kalankhoe-v-domashnikh-usloviyak-57.jpg,895
896,wid_rot90_1663395697_41-mykaleidoscope-ru-p-kalankhoe-v-sadu-instagram-42.jpg,896
897,wid_rot90_1707226472_binomen-ru-p-kalankhoe-tsvetok-vkontakte-5.jpg,897
898,wid_rot90_203059-1395608289-25008e044edba3697748af6ca01f6426.jpg,898
899,wid_rot90_502.jpg,899
900,wid_rot90_kalanhoe-sorta-i-vidi-3.jpg,900
901,wid_rot90_Kalankhoe1.jpg,901
